-- phpMyAdmin SQL Dump
-- version 4.9.5deb1
-- https://www.phpmyadmin.net/
--
-- Host: localhost:3306
-- Generation Time: Dec 02, 2020 at 03:42 AM
-- Server version: 8.0.20-0ubuntu0.19.10.1
-- PHP Version: 7.3.11-0ubuntu0.19.10.6

SET SQL_MODE = "NO_AUTO_VALUE_ON_ZERO";
SET AUTOCOMMIT = 0;
START TRANSACTION;
SET time_zone = "+00:00";


/*!40101 SET @OLD_CHARACTER_SET_CLIENT=@@CHARACTER_SET_CLIENT */;
/*!40101 SET @OLD_CHARACTER_SET_RESULTS=@@CHARACTER_SET_RESULTS */;
/*!40101 SET @OLD_COLLATION_CONNECTION=@@COLLATION_CONNECTION */;
/*!40101 SET NAMES utf8mb4 */;

--
-- Database: `admired`
--

-- --------------------------------------------------------

--
-- Table structure for table `aps`
--

CREATE TABLE `aps` (
  `id` int NOT NULL,
  `ip` varchar(255) DEFAULT NULL,
  `mac` varchar(255) DEFAULT NULL,
  `gateway` varchar(255) DEFAULT NULL,
  `area` varchar(255) DEFAULT NULL,
  `type` varchar(255) DEFAULT NULL,
  `id_group_aps` int NOT NULL
) ENGINE=InnoDB DEFAULT CHARSET=utf8mb4 COLLATE=utf8mb4_0900_ai_ci;

--
-- Dumping data for table `aps`
--

INSERT INTO `aps` (`id`, `ip`, `mac`, `gateway`, `area`, `type`, `id_group_aps`) VALUES
(1, '192.168.0.98', '', '192.168.0.1', 'PRUEBA', 'ap proveedor', 1);

-- --------------------------------------------------------

--
-- Table structure for table `aulas`
--

CREATE TABLE `aulas` (
  `id` int NOT NULL,
  `curso` varchar(255) DEFAULT NULL,
  `nivel` int NOT NULL,
  `cod_aps` int DEFAULT NULL,
  `area` varchar(255) DEFAULT NULL
) ENGINE=InnoDB DEFAULT CHARSET=utf8mb4 COLLATE=utf8mb4_0900_ai_ci;

--
-- Dumping data for table `aulas`
--

INSERT INTO `aulas` (`id`, `curso`, `nivel`, `cod_aps`, `area`) VALUES
(1, 'Intermedio 10 A', 2, 1, 'PRUEBA'),
(2, 'Intermedio 10 B', 2, 1, 'PRUEBA'),
(3, 'Intermedio 10 C', 2, 1, 'PRUEBA'),
(4, 'Intermedio 6 A', 2, 1, 'PRUEBA'),
(5, 'Intermedio 6 B', 2, 1, 'PRUEBA'),
(6, 'Intermedio 6 C', 2, 1, 'PRUEBA'),
(7, 'Intermedio 6 D', 2, 1, 'PRUEBA'),
(8, 'Intermedio 7 A', 2, 1, 'PRUEBA'),
(9, 'Intermedio 7 B', 2, 1, 'PRUEBA'),
(10, 'Intermedio 7 C', 2, 1, 'PRUEBA'),
(11, 'Intermedio 7 D', 2, 1, 'PRUEBA'),
(12, 'Intermedio 8 A', 2, 1, 'PRUEBA'),
(13, 'Intermedio 8 B', 2, 1, 'PRUEBA'),
(14, 'Intermedio 8 C', 2, 1, 'PRUEBA'),
(15, 'Intermedio 8 D', 2, 1, 'PRUEBA'),
(16, 'Intermedio 9 A', 2, 1, 'PRUEBA'),
(17, 'Intermedio 9 B', 2, 1, 'PRUEBA'),
(18, 'Intermedio 9 C', 2, 1, 'PRUEBA'),
(19, 'Intermedio 9 D', 2, 1, 'PRUEBA'),
(20, 'Jardín A', 4, 1, 'PRUEBA'),
(21, 'Jardín B', 4, 1, 'PRUEBA'),
(22, 'Jardín C', 4, 1, 'PRUEBA'),
(23, 'Jardín D', 4, 1, 'PRUEBA'),
(24, 'Kinder A', 4, 1, 'PRUEBA'),
(25, 'Kinder B', 4, 1, 'PRUEBA'),
(26, 'Kinder C', 4, 1, 'PRUEBA'),
(27, 'Kinder D', 4, 1, 'PRUEBA'),
(28, 'Kinder E', 4, 1, 'PRUEBA'),
(29, 'Pre Kinder A', 4, 1, 'PRUEBA'),
(30, 'Pre Kinder B', 4, 1, 'PRUEBA'),
(31, 'Pre Kinder C', 4, 1, 'PRUEBA'),
(32, 'Pre Kinder D', 4, 1, 'PRUEBA'),
(33, 'Pre Kinder E', 4, 1, 'PRUEBA'),
(34, 'Primaria 1 A', 1, 1, 'PRUEBA'),
(35, 'Primaria 1 B', 1, 1, 'PRUEBA'),
(36, 'Primaria 1 C', 1, 1, 'PRUEBA'),
(37, 'Primaria 1 D', 1, 1, 'PRUEBA'),
(38, 'Primaria 1 E', 1, 1, 'PRUEBA'),
(39, 'Primaria 2 A', 1, 1, 'PRUEBA'),
(40, 'Primaria 2 B', 1, 1, 'PRUEBA'),
(41, 'Primaria 2 C', 1, 1, 'PRUEBA'),
(42, 'Primaria 2 D', 1, 1, 'PRUEBA'),
(43, 'Primaria 2 E', 1, 1, 'PRUEBA'),
(44, 'Primaria 3 A', 1, 1, 'PRUEBA'),
(45, 'Primaria 3 B', 1, 1, 'PRUEBA'),
(46, 'Primaria 3 C', 1, 1, 'PRUEBA'),
(47, 'Primaria 3 D', 1, 1, 'PRUEBA'),
(48, 'Primaria 3 E', 1, 1, 'PRUEBA'),
(49, 'Primaria 4 A', 1, 1, 'PRUEBA'),
(50, 'Primaria 4 B', 1, 1, 'PRUEBA'),
(51, 'Primaria 4 C', 1, 1, 'PRUEBA'),
(52, 'Primaria 4 D', 1, 1, 'PRUEBA'),
(53, 'Primaria 4 E', 1, 1, 'PRUEBA'),
(54, 'Primaria 5 A', 1, 1, 'PRUEBA'),
(55, 'Primaria 5 B', 1, 1, 'PRUEBA'),
(56, 'Primaria 5 C', 1, 1, 'PRUEBA'),
(57, 'Primaria 5 D', 1, 1, 'PRUEBA');

-- --------------------------------------------------------

--
-- Table structure for table `clases`
--

CREATE TABLE `clases` (
  `id` int NOT NULL,
  `id_nivel` int NOT NULL,
  `id_materia` int NOT NULL,
  `id_aula` int NOT NULL,
  `id_profesor` int NOT NULL
) ENGINE=InnoDB DEFAULT CHARSET=utf8mb4 COLLATE=utf8mb4_0900_ai_ci;

--
-- Dumping data for table `clases`
--

INSERT INTO `clases` (`id`, `id_nivel`, `id_materia`, `id_aula`, `id_profesor`) VALUES
(1, 1, 6, 41, 1),
(2, 1, 12, 41, 1),
(3, 1, 23, 41, 1),
(4, 1, 32, 41, 1),
(5, 1, 18, 50, 2),
(6, 1, 21, 36, 3),
(7, 1, 21, 37, 3),
(8, 1, 29, 34, 4),
(9, 1, 29, 35, 4),
(10, 1, 29, 36, 4),
(11, 1, 29, 37, 4),
(12, 1, 29, 38, 4),
(13, 1, 6, 35, 5),
(14, 1, 12, 35, 5),
(15, 1, 23, 35, 5),
(16, 1, 32, 35, 5),
(17, 1, 6, 53, 6),
(18, 1, 12, 53, 6),
(19, 1, 23, 53, 6),
(20, 1, 32, 53, 6),
(21, 1, 2, 46, 7),
(22, 1, 2, 47, 7),
(23, 1, 2, 48, 7),
(24, 1, 2, 49, 7),
(25, 1, 2, 50, 7),
(26, 1, 2, 51, 7),
(27, 1, 2, 52, 7),
(28, 1, 2, 53, 7),
(29, 1, 2, 54, 7),
(30, 1, 2, 55, 7),
(31, 1, 2, 56, 7),
(32, 1, 2, 57, 7),
(33, 1, 6, 52, 8),
(34, 1, 12, 52, 8),
(35, 1, 23, 52, 8),
(36, 1, 32, 52, 8),
(37, 1, 18, 47, 9),
(38, 1, 18, 48, 9),
(39, 1, 34, 49, 10),
(40, 1, 34, 50, 10),
(41, 1, 34, 51, 10),
(42, 1, 34, 52, 10),
(43, 1, 34, 53, 10),
(44, 1, 34, 54, 10),
(45, 1, 34, 55, 10),
(46, 1, 34, 56, 10),
(47, 1, 34, 57, 10),
(48, 1, 18, 40, 11),
(49, 1, 18, 41, 11),
(50, 1, 18, 36, 12),
(51, 1, 18, 39, 12),
(52, 1, 6, 39, 13),
(53, 1, 12, 39, 13),
(54, 1, 23, 39, 13),
(55, 1, 32, 39, 13),
(56, 1, 6, 44, 14),
(57, 1, 12, 44, 14),
(58, 1, 23, 44, 14),
(59, 1, 32, 44, 14),
(60, 1, 6, 34, 15),
(61, 1, 12, 34, 15),
(62, 1, 23, 34, 15),
(63, 1, 32, 34, 15),
(64, 1, 6, 46, 16),
(65, 1, 12, 46, 16),
(66, 1, 23, 46, 16),
(67, 1, 32, 46, 16),
(68, 1, 18, 45, 122),
(69, 1, 18, 46, 122),
(70, 1, 6, 40, 17),
(71, 1, 12, 40, 17),
(72, 1, 23, 40, 17),
(73, 1, 32, 40, 17),
(74, 1, 6, 48, 18),
(75, 1, 12, 48, 18),
(76, 1, 23, 48, 18),
(77, 1, 32, 48, 18),
(78, 1, 6, 38, 19),
(79, 1, 12, 38, 19),
(80, 1, 23, 38, 19),
(81, 1, 32, 38, 19),
(82, 1, 18, 49, 20),
(83, 1, 18, 52, 20),
(84, 1, 25, 46, 21),
(85, 1, 25, 47, 21),
(86, 1, 25, 48, 21),
(87, 1, 25, 49, 21),
(88, 1, 25, 50, 21),
(89, 1, 25, 51, 21),
(90, 1, 25, 52, 21),
(91, 1, 25, 53, 21),
(92, 1, 25, 54, 21),
(93, 1, 25, 55, 21),
(94, 1, 25, 56, 21),
(95, 1, 25, 57, 21),
(96, 1, 2, 34, 22),
(97, 1, 2, 35, 22),
(98, 1, 2, 36, 22),
(99, 1, 2, 37, 22),
(100, 1, 2, 38, 22),
(101, 1, 2, 39, 22),
(102, 1, 2, 40, 22),
(103, 1, 2, 41, 22),
(104, 1, 2, 42, 22),
(105, 1, 2, 43, 22),
(106, 1, 2, 44, 22),
(107, 1, 2, 45, 22),
(108, 1, 6, 57, 23),
(109, 1, 12, 57, 23),
(110, 1, 23, 57, 23),
(111, 1, 32, 57, 23),
(112, 1, 34, 34, 24),
(113, 1, 34, 35, 24),
(114, 1, 34, 36, 24),
(115, 1, 34, 37, 24),
(116, 1, 34, 38, 24),
(117, 1, 34, 39, 24),
(118, 1, 34, 40, 24),
(119, 1, 34, 41, 24),
(120, 1, 34, 42, 24),
(121, 1, 34, 43, 24),
(122, 1, 34, 44, 24),
(123, 1, 34, 45, 24),
(124, 1, 34, 46, 24),
(125, 1, 6, 51, 25),
(126, 1, 12, 51, 25),
(127, 1, 23, 51, 25),
(128, 1, 32, 51, 25),
(129, 1, 6, 45, 26),
(130, 1, 12, 45, 26),
(131, 1, 23, 45, 26),
(132, 1, 32, 45, 26),
(133, 1, 34, 47, 27),
(134, 1, 34, 48, 27),
(135, 1, 34, 49, 27),
(136, 1, 34, 50, 27),
(137, 1, 34, 51, 27),
(138, 1, 34, 52, 27),
(139, 1, 34, 53, 27),
(140, 1, 34, 54, 27),
(141, 1, 34, 55, 27),
(142, 1, 34, 56, 27),
(143, 1, 34, 57, 27),
(144, 1, 6, 36, 28),
(145, 1, 12, 36, 28),
(146, 1, 23, 36, 28),
(147, 1, 32, 36, 28),
(148, 1, 8, 36, 29),
(149, 1, 8, 41, 29),
(150, 1, 8, 46, 29),
(151, 1, 8, 51, 29),
(152, 1, 8, 56, 29),
(153, 1, 18, 37, 123),
(154, 1, 18, 38, 123),
(155, 1, 6, 50, 30),
(156, 1, 12, 50, 30),
(157, 1, 23, 50, 30),
(158, 1, 32, 50, 30),
(159, 1, 6, 49, 31),
(160, 1, 12, 49, 31),
(161, 1, 23, 49, 31),
(162, 1, 32, 49, 31),
(163, 1, 8, 37, 32),
(164, 1, 8, 42, 32),
(165, 1, 8, 47, 32),
(166, 1, 8, 52, 32),
(167, 1, 8, 57, 32),
(168, 1, 6, 37, 33),
(169, 1, 12, 37, 33),
(170, 1, 23, 37, 33),
(171, 1, 32, 37, 33),
(172, 1, 18, 55, 34),
(173, 1, 18, 56, 34),
(174, 1, 6, 42, 35),
(175, 1, 12, 42, 35),
(176, 1, 23, 42, 35),
(177, 1, 32, 42, 35),
(178, 1, 6, 47, 36),
(179, 1, 12, 47, 36),
(180, 1, 23, 47, 36),
(181, 1, 32, 47, 36),
(182, 1, 29, 39, 37),
(183, 1, 29, 40, 37),
(184, 1, 29, 41, 37),
(185, 1, 29, 42, 37),
(186, 1, 29, 43, 37),
(187, 1, 29, 44, 37),
(188, 1, 29, 45, 37),
(189, 1, 29, 46, 37),
(190, 1, 29, 47, 37),
(191, 1, 29, 48, 37),
(192, 1, 29, 49, 37),
(193, 1, 29, 50, 37),
(194, 1, 29, 51, 37),
(195, 1, 29, 52, 37),
(196, 1, 29, 53, 37),
(197, 1, 29, 54, 37),
(198, 1, 29, 55, 37),
(199, 1, 29, 56, 37),
(200, 1, 29, 57, 37),
(201, 1, 8, 35, 38),
(202, 1, 8, 40, 38),
(203, 1, 8, 45, 38),
(204, 1, 8, 50, 38),
(205, 1, 8, 55, 38),
(206, 1, 18, 54, 39),
(207, 1, 18, 57, 39),
(208, 1, 18, 42, 40),
(209, 1, 18, 43, 40),
(210, 1, 18, 34, 41),
(211, 1, 18, 35, 41),
(212, 1, 25, 34, 42),
(213, 1, 25, 35, 42),
(214, 1, 25, 36, 42),
(215, 1, 25, 37, 42),
(216, 1, 25, 38, 42),
(217, 1, 25, 39, 42),
(218, 1, 25, 40, 42),
(219, 1, 25, 41, 42),
(220, 1, 25, 42, 42),
(221, 1, 25, 43, 42),
(222, 1, 25, 44, 42),
(223, 1, 25, 45, 42),
(224, 1, 6, 54, 43),
(225, 1, 12, 54, 43),
(226, 1, 23, 54, 43),
(227, 1, 32, 54, 43),
(228, 1, 6, 56, 44),
(229, 1, 12, 56, 44),
(230, 1, 23, 56, 44),
(231, 1, 32, 56, 44),
(232, 1, 8, 38, 45),
(233, 1, 8, 43, 45),
(234, 1, 8, 48, 45),
(235, 1, 8, 53, 45),
(236, 1, 18, 51, 46),
(237, 1, 18, 53, 46),
(238, 1, 6, 43, 47),
(239, 1, 12, 43, 47),
(240, 1, 23, 43, 47),
(241, 1, 32, 43, 47),
(242, 1, 6, 55, 48),
(243, 1, 12, 55, 48),
(244, 1, 23, 55, 48),
(245, 1, 32, 55, 48),
(246, 1, 8, 34, 49),
(247, 1, 8, 39, 49),
(248, 1, 8, 44, 49),
(249, 1, 8, 49, 49),
(250, 1, 8, 54, 49),
(251, 1, 18, 44, 50),
(252, 2, 1, 1, 51),
(253, 2, 1, 2, 51),
(254, 2, 1, 3, 51),
(255, 2, 22, 4, 52),
(256, 2, 22, 5, 52),
(257, 2, 22, 8, 52),
(258, 2, 22, 9, 52),
(259, 2, 26, 1, 53),
(260, 2, 26, 2, 53),
(261, 2, 26, 3, 53),
(262, 2, 26, 4, 53),
(263, 2, 26, 5, 53),
(264, 2, 26, 6, 53),
(265, 2, 26, 7, 53),
(266, 2, 26, 8, 53),
(267, 2, 26, 9, 53),
(268, 2, 26, 10, 53),
(269, 2, 26, 11, 53),
(270, 2, 26, 12, 53),
(271, 2, 26, 13, 53),
(272, 2, 26, 14, 53),
(273, 2, 26, 15, 53),
(274, 2, 26, 16, 53),
(275, 2, 26, 17, 53),
(276, 2, 26, 18, 53),
(277, 2, 22, 10, 3),
(278, 2, 22, 11, 3),
(279, 2, 17, 1, 54),
(280, 2, 17, 2, 54),
(281, 2, 17, 3, 54),
(282, 2, 5, 4, 55),
(283, 2, 5, 5, 55),
(284, 2, 5, 6, 55),
(285, 2, 5, 7, 55),
(286, 2, 26, 1, 56),
(287, 2, 26, 2, 56),
(288, 2, 26, 3, 56),
(289, 2, 26, 4, 56),
(290, 2, 26, 5, 56),
(291, 2, 26, 6, 56),
(292, 2, 26, 7, 56),
(293, 2, 26, 8, 56),
(294, 2, 26, 9, 56),
(295, 2, 26, 10, 56),
(296, 2, 26, 11, 56),
(297, 2, 26, 12, 56),
(298, 2, 26, 13, 56),
(299, 2, 26, 14, 56),
(300, 2, 26, 15, 56),
(301, 2, 26, 16, 56),
(302, 2, 26, 17, 56),
(303, 2, 26, 18, 56),
(304, 2, 11, 15, 57),
(305, 2, 11, 16, 57),
(306, 2, 11, 17, 57),
(307, 2, 11, 18, 57),
(308, 2, 5, 8, 58),
(309, 2, 5, 9, 58),
(310, 2, 5, 10, 58),
(311, 2, 5, 11, 58),
(312, 2, 5, 12, 58),
(313, 2, 5, 13, 58),
(314, 2, 5, 14, 58),
(315, 2, 5, 15, 58),
(316, 2, 5, 16, 58),
(317, 2, 35, 1, 59),
(318, 2, 35, 2, 59),
(319, 2, 35, 3, 59),
(320, 2, 35, 4, 60),
(321, 2, 35, 5, 60),
(322, 2, 35, 6, 60),
(323, 2, 35, 7, 60),
(324, 2, 35, 8, 60),
(325, 2, 35, 9, 60),
(326, 2, 35, 10, 60),
(327, 2, 35, 11, 60),
(328, 2, 35, 12, 60),
(329, 2, 35, 13, 60),
(330, 2, 35, 14, 60),
(331, 2, 35, 15, 60),
(332, 2, 15, 4, 61),
(333, 2, 15, 5, 61),
(334, 2, 15, 6, 61),
(335, 2, 15, 7, 61),
(336, 2, 15, 8, 61),
(337, 2, 15, 9, 61),
(338, 2, 19, 12, 62),
(339, 2, 19, 13, 62),
(340, 2, 19, 14, 62),
(341, 2, 19, 15, 62),
(342, 2, 5, 3, 63),
(343, 2, 30, 8, 64),
(344, 2, 30, 9, 64),
(345, 2, 30, 10, 64),
(346, 2, 30, 11, 64),
(347, 2, 30, 12, 64),
(348, 2, 30, 13, 64),
(349, 2, 30, 14, 64),
(350, 2, 30, 15, 64),
(351, 2, 30, 16, 64),
(352, 2, 30, 17, 64),
(353, 2, 30, 18, 64),
(354, 2, 1, 4, 65),
(355, 2, 1, 5, 65),
(356, 2, 1, 6, 65),
(357, 2, 1, 7, 65),
(358, 2, 1, 8, 65),
(359, 2, 1, 9, 65),
(360, 2, 1, 10, 65),
(361, 2, 1, 11, 65),
(362, 2, 1, 12, 65),
(363, 2, 1, 13, 65),
(364, 2, 1, 14, 65),
(365, 2, 1, 15, 65),
(366, 2, 1, 16, 65),
(367, 2, 1, 17, 65),
(368, 2, 1, 18, 65),
(369, 2, 17, 4, 66),
(370, 2, 17, 5, 66),
(371, 2, 17, 6, 66),
(372, 2, 17, 7, 66),
(373, 2, 17, 8, 66),
(374, 2, 17, 9, 66),
(375, 2, 17, 10, 66),
(376, 2, 17, 11, 66),
(377, 2, 19, 4, 67),
(378, 2, 19, 5, 67),
(379, 2, 19, 6, 67),
(380, 2, 19, 7, 67),
(381, 2, 22, 1, 68),
(382, 2, 22, 2, 68),
(383, 2, 22, 12, 68),
(384, 2, 22, 13, 68),
(385, 2, 15, 1, 69),
(386, 2, 15, 2, 69),
(387, 2, 15, 3, 69),
(388, 2, 11, 4, 70),
(389, 2, 11, 5, 70),
(390, 2, 11, 6, 70),
(391, 2, 11, 7, 70),
(392, 2, 9, 3, 29),
(393, 2, 9, 6, 29),
(394, 2, 9, 10, 29),
(395, 2, 9, 14, 29),
(396, 2, 9, 18, 29),
(397, 2, 17, 12, 71),
(398, 2, 17, 13, 71),
(399, 2, 17, 14, 71),
(400, 2, 17, 15, 71),
(401, 2, 17, 16, 71),
(402, 2, 17, 17, 71),
(403, 2, 17, 18, 71),
(404, 2, 35, 16, 72),
(405, 2, 35, 17, 72),
(406, 2, 35, 18, 72),
(407, 2, 11, 12, 73),
(408, 2, 11, 13, 73),
(409, 2, 11, 14, 73),
(410, 2, 5, 1, 74),
(411, 2, 5, 2, 74),
(412, 2, 5, 17, 74),
(413, 2, 5, 18, 74),
(414, 2, 9, 2, 32),
(415, 2, 9, 7, 32),
(416, 2, 9, 11, 32),
(417, 2, 9, 15, 32),
(418, 2, 15, 10, 75),
(419, 2, 15, 11, 75),
(420, 2, 15, 12, 75),
(421, 2, 15, 13, 75),
(422, 2, 15, 14, 75),
(423, 2, 15, 15, 75),
(424, 2, 15, 16, 75),
(425, 2, 15, 17, 75),
(426, 2, 15, 18, 75),
(427, 2, 22, 16, 76),
(428, 2, 22, 17, 76),
(429, 2, 22, 18, 76),
(430, 2, 22, 19, 76),
(431, 2, 9, 5, 38),
(432, 2, 9, 9, 38),
(433, 2, 9, 13, 38),
(434, 2, 9, 17, 38),
(435, 2, 28, 1, 77),
(436, 2, 28, 2, 77),
(437, 2, 28, 3, 77),
(438, 2, 19, 1, 78),
(439, 2, 19, 2, 78),
(440, 2, 19, 3, 78),
(441, 2, 14, 1, 79),
(442, 2, 14, 2, 79),
(443, 2, 14, 3, 79),
(444, 2, 28, 8, 80),
(445, 2, 28, 9, 80),
(446, 2, 28, 10, 80),
(447, 2, 28, 11, 80),
(448, 2, 28, 12, 80),
(449, 2, 28, 13, 80),
(450, 2, 28, 14, 80),
(451, 2, 28, 15, 80),
(452, 2, 28, 16, 80),
(453, 2, 28, 17, 80),
(454, 2, 28, 18, 80),
(455, 2, 19, 8, 81),
(456, 2, 19, 9, 81),
(457, 2, 19, 10, 81),
(458, 2, 19, 11, 81),
(459, 2, 11, 8, 82),
(460, 2, 11, 9, 82),
(461, 2, 11, 10, 82),
(462, 2, 11, 11, 82),
(463, 2, 11, 1, 83),
(464, 2, 11, 2, 83),
(465, 2, 11, 3, 83),
(466, 2, 26, 1, 84),
(467, 2, 26, 2, 84),
(468, 2, 26, 3, 84),
(469, 2, 26, 4, 84),
(470, 2, 26, 5, 84),
(471, 2, 26, 6, 84),
(472, 2, 26, 7, 84),
(473, 2, 26, 8, 84),
(474, 2, 26, 9, 84),
(475, 2, 26, 10, 84),
(476, 2, 26, 11, 84),
(477, 2, 26, 12, 84),
(478, 2, 26, 13, 84),
(479, 2, 26, 14, 84),
(480, 2, 26, 15, 84),
(481, 2, 26, 16, 84),
(482, 2, 26, 17, 84),
(483, 2, 26, 18, 84),
(484, 2, 4, 4, 85),
(485, 2, 4, 5, 85),
(486, 2, 4, 6, 85),
(487, 2, 4, 7, 85),
(488, 2, 9, 1, 49),
(489, 2, 9, 4, 49),
(490, 2, 9, 8, 49),
(491, 2, 9, 12, 49),
(492, 2, 9, 16, 49),
(493, 2, 22, 14, 86),
(494, 2, 22, 15, 86),
(495, 4, 7, 25, 87),
(496, 4, 20, 25, 87),
(497, 4, 24, 25, 87),
(498, 4, 33, 25, 87),
(499, 4, 7, 22, 88),
(500, 4, 20, 22, 88),
(501, 4, 24, 22, 88),
(502, 4, 33, 22, 88),
(503, 4, 31, 20, 4),
(504, 4, 31, 21, 4),
(505, 4, 31, 22, 4),
(506, 4, 31, 23, 4),
(507, 4, 31, 24, 4),
(508, 4, 31, 25, 4),
(509, 4, 31, 26, 4),
(510, 4, 31, 27, 4),
(511, 4, 31, 28, 4),
(512, 4, 31, 29, 4),
(513, 4, 31, 30, 4),
(514, 4, 31, 31, 4),
(515, 4, 31, 32, 4),
(516, 4, 31, 33, 4),
(517, 4, 7, 30, 89),
(518, 4, 20, 30, 89),
(519, 4, 24, 30, 89),
(520, 4, 33, 30, 89),
(521, 4, 7, 33, 90),
(522, 4, 20, 33, 90),
(523, 4, 24, 33, 90),
(524, 4, 33, 33, 90),
(525, 4, 7, 29, 91),
(526, 4, 20, 29, 91),
(527, 4, 24, 29, 91),
(528, 4, 33, 29, 91),
(529, 4, 7, 28, 92),
(530, 4, 20, 28, 92),
(531, 4, 24, 28, 92),
(532, 4, 33, 28, 92),
(533, 4, 13, 24, 124),
(534, 4, 13, 25, 124),
(535, 4, 13, 26, 124),
(536, 4, 13, 27, 124),
(537, 4, 7, 21, 93),
(538, 4, 20, 21, 93),
(539, 4, 24, 21, 93),
(540, 4, 33, 21, 93),
(541, 4, 7, 28, 94),
(542, 4, 20, 28, 94),
(543, 4, 24, 28, 94),
(544, 4, 33, 28, 94),
(545, 4, 7, 32, 95),
(546, 4, 20, 32, 95),
(547, 4, 24, 32, 95),
(548, 4, 33, 32, 95),
(549, 4, 7, 31, 96),
(550, 4, 20, 31, 96),
(551, 4, 24, 31, 96),
(552, 4, 33, 31, 96),
(553, 4, 7, 24, 97),
(554, 4, 20, 24, 97),
(555, 4, 24, 24, 97),
(556, 4, 33, 24, 97),
(557, 4, 7, 31, 98),
(558, 4, 20, 31, 98),
(559, 4, 24, 31, 98),
(560, 4, 33, 31, 98),
(561, 4, 10, 20, 99),
(562, 4, 10, 21, 99),
(563, 4, 10, 22, 99),
(564, 4, 10, 23, 99),
(565, 4, 10, 24, 99),
(566, 4, 10, 25, 99),
(567, 4, 10, 26, 99),
(568, 4, 10, 27, 99),
(569, 4, 10, 28, 99),
(570, 4, 10, 29, 99),
(571, 4, 10, 30, 99),
(572, 4, 10, 31, 99),
(573, 4, 10, 32, 99),
(574, 4, 10, 33, 99),
(575, 4, 7, 23, 100),
(576, 4, 20, 23, 100),
(577, 4, 24, 23, 100),
(578, 4, 33, 23, 100),
(579, 4, 7, 27, 101),
(580, 4, 20, 27, 101),
(581, 4, 24, 27, 101),
(582, 4, 33, 27, 101),
(583, 4, 16, 20, 102),
(584, 4, 16, 21, 102),
(585, 4, 16, 22, 102),
(586, 4, 16, 23, 102),
(587, 4, 16, 24, 102),
(588, 4, 16, 25, 102),
(589, 4, 16, 26, 102),
(590, 4, 16, 27, 102),
(591, 4, 16, 28, 102),
(592, 4, 16, 29, 102),
(593, 4, 16, 30, 102),
(594, 4, 16, 31, 102),
(595, 4, 16, 32, 102),
(596, 4, 16, 33, 102),
(597, 4, 7, 30, 103),
(598, 4, 20, 30, 103),
(599, 4, 24, 30, 103),
(600, 4, 33, 30, 103),
(601, 4, 7, 26, 104),
(602, 4, 20, 26, 104),
(603, 4, 24, 26, 104),
(604, 4, 33, 26, 104),
(605, 4, 7, 20, 105),
(606, 4, 20, 20, 105),
(607, 4, 24, 20, 105),
(608, 4, 33, 20, 105),
(609, 4, 13, 25, 106),
(610, 4, 13, 26, 106),
(611, 4, 13, 27, 106),
(612, 4, 13, 30, 106),
(613, 4, 13, 29, 107),
(614, 4, 13, 31, 107),
(615, 4, 13, 32, 107),
(616, 4, 13, 33, 107),
(617, 4, 7, 21, 108),
(618, 4, 20, 21, 108),
(619, 4, 24, 21, 108),
(620, 4, 33, 21, 108),
(621, 4, 7, 32, 109),
(622, 4, 20, 32, 109),
(623, 4, 24, 32, 109),
(624, 4, 33, 32, 109),
(625, 4, 7, 33, 110),
(626, 4, 20, 33, 110),
(627, 4, 24, 33, 110),
(628, 4, 33, 33, 110),
(629, 4, 3, 20, 111),
(630, 4, 3, 21, 111),
(631, 4, 3, 22, 111),
(632, 4, 3, 23, 111),
(633, 4, 3, 24, 111),
(634, 4, 3, 25, 111),
(635, 4, 3, 26, 111),
(636, 4, 3, 27, 111),
(637, 4, 3, 28, 111),
(638, 4, 3, 29, 111),
(639, 4, 3, 30, 111),
(640, 4, 3, 31, 111),
(641, 4, 3, 32, 111),
(642, 4, 3, 33, 111),
(643, 4, 13, 20, 112),
(644, 4, 13, 21, 112),
(645, 4, 13, 22, 112),
(646, 4, 13, 23, 112),
(647, 4, 7, 20, 113),
(648, 4, 20, 20, 113),
(649, 4, 24, 20, 113),
(650, 4, 33, 20, 113),
(651, 4, 7, 24, 114),
(652, 4, 20, 24, 114),
(653, 4, 24, 24, 114),
(654, 4, 33, 24, 114),
(655, 4, 7, 27, 115),
(656, 4, 20, 27, 115),
(657, 4, 24, 27, 115),
(658, 4, 33, 27, 115),
(659, 4, 7, 23, 116),
(660, 4, 20, 23, 116),
(661, 4, 24, 23, 116),
(662, 4, 33, 23, 116),
(663, 4, 7, 22, 117),
(664, 4, 20, 22, 117),
(665, 4, 24, 22, 117),
(666, 4, 33, 22, 117),
(667, 4, 7, 25, 118),
(668, 4, 20, 25, 118),
(669, 4, 24, 25, 118),
(670, 4, 33, 25, 118),
(671, 4, 7, 29, 119),
(672, 4, 20, 29, 119),
(673, 4, 24, 29, 119),
(674, 4, 33, 29, 119),
(675, 4, 7, 26, 120),
(676, 4, 20, 26, 120),
(677, 4, 24, 26, 120),
(678, 4, 33, 26, 120),
(679, 4, 27, 20, 121),
(680, 4, 27, 21, 121),
(681, 4, 27, 22, 121),
(682, 4, 27, 23, 121),
(683, 4, 27, 24, 121),
(684, 4, 27, 25, 121),
(685, 4, 27, 26, 121),
(686, 4, 27, 27, 121),
(687, 4, 27, 28, 121),
(688, 4, 27, 29, 121),
(689, 4, 27, 30, 121),
(690, 4, 27, 31, 121),
(691, 4, 27, 32, 121),
(692, 4, 27, 33, 121);

-- --------------------------------------------------------

--
-- Table structure for table `configuracion`
--

CREATE TABLE `configuracion` (
  `id_config` int NOT NULL,
  `detalle` varchar(100) NOT NULL,
  `tipo` varchar(20) NOT NULL,
  `valor` int NOT NULL,
  `fecha` date DEFAULT NULL
) ENGINE=InnoDB DEFAULT CHARSET=utf8mb4 COLLATE=utf8mb4_0900_ai_ci;

--
-- Dumping data for table `configuracion`
--

INSERT INTO `configuracion` (`id_config`, `detalle`, `tipo`, `valor`, `fecha`) VALUES
(1, 'Define el id del Horario a mostrar.', 'horas', 3, '2020-06-20');

-- --------------------------------------------------------

--
-- Table structure for table `group_aps`
--

CREATE TABLE `group_aps` (
  `id` int NOT NULL,
  `detalle` varchar(255) DEFAULT NULL,
  `nombre` varchar(255) DEFAULT NULL
) ENGINE=InnoDB DEFAULT CHARSET=utf8mb4 COLLATE=utf8mb4_0900_ai_ci;

--
-- Dumping data for table `group_aps`
--

INSERT INTO `group_aps` (`id`, `detalle`, `nombre`) VALUES
(1, 'GRUPO PRUEBAS', 'APS');

-- --------------------------------------------------------

--
-- Table structure for table `Horarios`
--

CREATE TABLE `Horarios` (
  `id` int NOT NULL,
  `detalle` varchar(20) NOT NULL,
  `tipo` varchar(20) NOT NULL,
  `fechaInicio` date DEFAULT NULL,
  `fechaFin` date DEFAULT NULL
) ENGINE=InnoDB DEFAULT CHARSET=utf8mb4 COLLATE=utf8mb4_0900_ai_ci;

--
-- Dumping data for table `Horarios`
--

INSERT INTO `Horarios` (`id`, `detalle`, `tipo`, `fechaInicio`, `fechaFin`) VALUES
(1, 'Horario Escolar', 'educativo', '2019-09-01', '2020-06-30'),
(2, 'Horario de Invierno', 'educativo', '2020-07-01', '2020-08-31'),
(3, 'Prueba 2 Minutos', 'test', '2020-01-01', '2020-12-31');

-- --------------------------------------------------------

--
-- Table structure for table `Horas`
--

CREATE TABLE `Horas` (
  `id` int NOT NULL,
  `id_horario` int NOT NULL,
  `numero` int NOT NULL,
  `tipo` varchar(20) NOT NULL,
  `num_tipo` int NOT NULL,
  `horaInicio` time NOT NULL,
  `horaFin` time NOT NULL
) ENGINE=InnoDB DEFAULT CHARSET=utf8mb4 COLLATE=utf8mb4_0900_ai_ci;

--
-- Dumping data for table `Horas`
--

INSERT INTO `Horas` (`id`, `id_horario`, `numero`, `tipo`, `num_tipo`, `horaInicio`, `horaFin`) VALUES
(1, 1, 1, 'periodo', 1, '08:10:00', '08:55:00'),
(2, 1, 2, 'periodo', 2, '08:55:00', '09:40:00'),
(3, 1, 3, 'periodo', 3, '09:40:00', '10:25:00'),
(4, 1, 4, 'periodo', 4, '10:25:00', '11:10:00'),
(5, 1, 5, 'recreo', 1, '11:10:00', '11:25:00'),
(6, 1, 6, 'periodo', 5, '11:25:00', '12:10:00'),
(7, 1, 7, 'periodo', 6, '12:10:00', '12:55:00'),
(8, 1, 8, 'almuerzo', 1, '12:55:00', '13:25:00'),
(9, 1, 9, 'periodo', 7, '13:25:00', '14:10:00'),
(10, 1, 10, 'periodo', 8, '14:10:00', '14:55:00'),
(11, 2, 1, 'periodo', 1, '08:30:00', '09:15:00'),
(12, 2, 2, 'periodo', 2, '09:15:00', '10:00:00'),
(13, 2, 3, 'periodo', 3, '10:00:00', '10:45:00'),
(14, 2, 4, 'periodo', 4, '10:45:00', '11:40:00'),
(15, 2, 5, 'recreo', 1, '11:40:00', '11:55:00'),
(16, 2, 6, 'periodo', 5, '11:55:00', '12:40:00'),
(17, 2, 7, 'periodo', 6, '12:40:00', '13:25:00'),
(18, 2, 8, 'almuerzo', 1, '13:25:00', '13:55:00'),
(19, 2, 9, 'periodo', 7, '13:55:00', '14:40:00'),
(20, 2, 10, 'periodo', 8, '14:40:00', '15:25:00'),
(21, 3, 1, 'periodo', 1, '00:00:00', '00:05:00'),
(22, 3, 2, 'periodo', 2, '00:05:00', '00:10:00'),
(23, 3, 3, 'periodo', 3, '00:10:00', '00:15:00'),
(24, 3, 4, 'periodo', 4, '00:15:00', '00:20:00'),
(25, 3, 5, 'periodo', 5, '00:20:00', '00:25:00'),
(26, 3, 6, 'periodo', 6, '00:25:00', '00:30:00'),
(27, 3, 7, 'periodo', 7, '00:30:00', '00:35:00'),
(28, 3, 8, 'periodo', 8, '00:35:00', '00:40:00'),
(29, 3, 9, 'periodo', 9, '00:40:00', '00:45:00'),
(30, 3, 10, 'periodo', 10, '00:45:00', '00:50:00'),
(31, 3, 11, 'periodo', 11, '00:50:00', '00:55:00'),
(32, 3, 12, 'periodo', 12, '00:55:00', '01:00:00'),
(33, 3, 13, 'periodo', 13, '01:00:00', '01:05:00'),
(34, 3, 14, 'periodo', 14, '01:05:00', '01:10:00'),
(35, 3, 15, 'periodo', 15, '01:10:00', '01:15:00'),
(36, 3, 16, 'periodo', 16, '01:15:00', '01:20:00'),
(37, 3, 17, 'periodo', 17, '01:20:00', '01:25:00'),
(38, 3, 18, 'periodo', 18, '01:25:00', '01:30:00'),
(39, 3, 19, 'periodo', 19, '01:30:00', '01:35:00'),
(40, 3, 20, 'periodo', 20, '01:35:00', '01:40:00'),
(41, 3, 21, 'periodo', 21, '01:40:00', '01:45:00'),
(42, 3, 22, 'periodo', 22, '01:45:00', '01:50:00'),
(43, 3, 23, 'periodo', 23, '01:50:00', '01:55:00'),
(44, 3, 24, 'periodo', 24, '01:55:00', '02:00:00'),
(45, 3, 25, 'periodo', 25, '02:00:00', '02:05:00'),
(46, 3, 26, 'periodo', 26, '02:05:00', '02:10:00'),
(47, 3, 27, 'periodo', 27, '02:10:00', '02:15:00'),
(48, 3, 28, 'periodo', 28, '02:15:00', '02:20:00'),
(49, 3, 29, 'periodo', 29, '02:20:00', '02:25:00'),
(50, 3, 30, 'periodo', 30, '02:25:00', '02:30:00'),
(51, 3, 31, 'periodo', 31, '02:30:00', '02:35:00'),
(52, 3, 32, 'periodo', 32, '02:35:00', '02:40:00'),
(53, 3, 33, 'periodo', 33, '02:40:00', '02:45:00'),
(54, 3, 34, 'periodo', 34, '02:45:00', '02:50:00'),
(55, 3, 35, 'periodo', 35, '02:50:00', '02:55:00'),
(56, 3, 36, 'periodo', 36, '02:55:00', '03:00:00'),
(57, 3, 37, 'periodo', 37, '03:00:00', '03:05:00'),
(58, 3, 38, 'periodo', 38, '03:05:00', '03:10:00'),
(59, 3, 39, 'periodo', 39, '03:10:00', '03:15:00'),
(60, 3, 40, 'periodo', 40, '03:15:00', '03:20:00'),
(61, 3, 41, 'periodo', 41, '03:20:00', '03:25:00'),
(62, 3, 42, 'periodo', 42, '03:25:00', '03:30:00'),
(63, 3, 43, 'periodo', 43, '03:30:00', '03:35:00'),
(64, 3, 44, 'periodo', 44, '03:35:00', '03:40:00'),
(65, 3, 45, 'periodo', 45, '03:40:00', '03:45:00'),
(66, 3, 46, 'periodo', 46, '03:45:00', '03:50:00'),
(67, 3, 47, 'periodo', 47, '03:50:00', '03:55:00'),
(68, 3, 48, 'periodo', 48, '03:55:00', '04:00:00'),
(69, 3, 49, 'periodo', 49, '04:00:00', '04:05:00'),
(70, 3, 50, 'periodo', 50, '04:05:00', '04:10:00'),
(71, 3, 51, 'periodo', 51, '04:10:00', '04:15:00'),
(72, 3, 52, 'periodo', 52, '04:15:00', '04:20:00'),
(73, 3, 53, 'periodo', 53, '04:20:00', '04:25:00'),
(74, 3, 54, 'periodo', 54, '04:25:00', '04:30:00'),
(75, 3, 55, 'periodo', 55, '04:30:00', '04:35:00'),
(76, 3, 56, 'periodo', 56, '04:35:00', '04:40:00'),
(77, 3, 57, 'periodo', 57, '04:40:00', '04:45:00'),
(78, 3, 58, 'periodo', 58, '04:45:00', '04:50:00'),
(79, 3, 59, 'periodo', 59, '04:50:00', '04:55:00'),
(80, 3, 60, 'periodo', 60, '04:55:00', '05:00:00'),
(81, 3, 61, 'periodo', 61, '05:00:00', '05:05:00'),
(82, 3, 62, 'periodo', 62, '05:05:00', '05:10:00'),
(83, 3, 63, 'periodo', 63, '05:10:00', '05:15:00'),
(84, 3, 64, 'periodo', 64, '05:15:00', '05:20:00'),
(85, 3, 65, 'periodo', 65, '05:20:00', '05:25:00'),
(86, 3, 66, 'periodo', 66, '05:25:00', '05:30:00'),
(87, 3, 67, 'periodo', 67, '05:30:00', '05:35:00'),
(88, 3, 68, 'periodo', 68, '05:35:00', '05:40:00'),
(89, 3, 69, 'periodo', 69, '05:40:00', '05:45:00'),
(90, 3, 70, 'periodo', 70, '05:45:00', '05:50:00'),
(91, 3, 71, 'periodo', 71, '05:50:00', '05:55:00'),
(92, 3, 72, 'periodo', 72, '05:55:00', '06:00:00'),
(93, 3, 73, 'periodo', 73, '06:00:00', '06:05:00'),
(94, 3, 74, 'periodo', 74, '06:05:00', '06:10:00'),
(95, 3, 75, 'periodo', 75, '06:10:00', '06:15:00'),
(96, 3, 76, 'periodo', 76, '06:15:00', '06:20:00'),
(97, 3, 77, 'periodo', 77, '06:20:00', '06:25:00'),
(98, 3, 78, 'periodo', 78, '06:25:00', '06:30:00'),
(99, 3, 79, 'periodo', 79, '06:30:00', '06:35:00'),
(100, 3, 80, 'periodo', 80, '06:35:00', '06:40:00'),
(101, 3, 81, 'periodo', 81, '06:40:00', '06:45:00'),
(102, 3, 82, 'periodo', 82, '06:45:00', '06:50:00'),
(103, 3, 83, 'periodo', 83, '06:50:00', '06:55:00'),
(104, 3, 84, 'periodo', 84, '06:55:00', '07:00:00'),
(105, 3, 85, 'periodo', 85, '07:00:00', '07:05:00'),
(106, 3, 86, 'periodo', 86, '07:05:00', '07:10:00'),
(107, 3, 87, 'periodo', 87, '07:10:00', '07:15:00'),
(108, 3, 88, 'periodo', 88, '07:15:00', '07:20:00'),
(109, 3, 89, 'periodo', 89, '07:20:00', '07:25:00'),
(110, 3, 90, 'periodo', 90, '07:25:00', '07:30:00'),
(111, 3, 91, 'periodo', 91, '07:30:00', '07:35:00'),
(112, 3, 92, 'periodo', 92, '07:35:00', '07:40:00'),
(113, 3, 93, 'periodo', 93, '07:40:00', '07:45:00'),
(114, 3, 94, 'periodo', 94, '07:45:00', '07:50:00'),
(115, 3, 95, 'periodo', 95, '07:50:00', '07:55:00'),
(116, 3, 96, 'periodo', 96, '07:55:00', '08:00:00'),
(117, 3, 97, 'periodo', 97, '08:00:00', '08:05:00'),
(118, 3, 98, 'periodo', 98, '08:05:00', '08:10:00'),
(119, 3, 99, 'periodo', 99, '08:10:00', '08:15:00'),
(120, 3, 100, 'periodo', 100, '08:15:00', '08:20:00'),
(121, 3, 101, 'periodo', 101, '08:20:00', '08:25:00'),
(122, 3, 102, 'periodo', 102, '08:25:00', '08:30:00'),
(123, 3, 103, 'periodo', 103, '08:30:00', '08:35:00'),
(124, 3, 104, 'periodo', 104, '08:35:00', '08:40:00'),
(125, 3, 105, 'periodo', 105, '08:40:00', '08:45:00'),
(126, 3, 106, 'periodo', 106, '08:45:00', '08:50:00'),
(127, 3, 107, 'periodo', 107, '08:50:00', '08:55:00'),
(128, 3, 108, 'periodo', 108, '08:55:00', '09:00:00'),
(129, 3, 109, 'periodo', 109, '09:00:00', '09:05:00'),
(130, 3, 110, 'periodo', 110, '09:05:00', '09:10:00'),
(131, 3, 111, 'periodo', 111, '09:10:00', '09:15:00'),
(132, 3, 112, 'periodo', 112, '09:15:00', '09:20:00'),
(133, 3, 113, 'periodo', 113, '09:20:00', '09:25:00'),
(134, 3, 114, 'periodo', 114, '09:25:00', '09:30:00'),
(135, 3, 115, 'periodo', 115, '09:30:00', '09:35:00'),
(136, 3, 116, 'periodo', 116, '09:35:00', '09:40:00'),
(137, 3, 117, 'periodo', 117, '09:40:00', '09:45:00'),
(138, 3, 118, 'periodo', 118, '09:45:00', '09:50:00'),
(139, 3, 119, 'periodo', 119, '09:50:00', '09:55:00'),
(140, 3, 120, 'periodo', 120, '09:55:00', '10:00:00'),
(141, 3, 121, 'periodo', 121, '10:00:00', '10:05:00'),
(142, 3, 122, 'periodo', 122, '10:05:00', '10:10:00'),
(143, 3, 123, 'periodo', 123, '10:10:00', '10:15:00'),
(144, 3, 124, 'periodo', 124, '10:15:00', '10:20:00'),
(145, 3, 125, 'periodo', 125, '10:20:00', '10:25:00'),
(146, 3, 126, 'periodo', 126, '10:25:00', '10:30:00'),
(147, 3, 127, 'periodo', 127, '10:30:00', '10:35:00'),
(148, 3, 128, 'periodo', 128, '10:35:00', '10:40:00'),
(149, 3, 129, 'periodo', 129, '10:40:00', '10:45:00'),
(150, 3, 130, 'periodo', 130, '10:45:00', '10:50:00'),
(151, 3, 131, 'periodo', 131, '10:50:00', '10:55:00'),
(152, 3, 132, 'periodo', 132, '10:55:00', '11:00:00'),
(153, 3, 133, 'periodo', 133, '11:00:00', '11:05:00'),
(154, 3, 134, 'periodo', 134, '11:05:00', '11:10:00'),
(155, 3, 135, 'periodo', 135, '11:10:00', '11:15:00'),
(156, 3, 136, 'periodo', 136, '11:15:00', '11:20:00'),
(157, 3, 137, 'periodo', 137, '11:20:00', '11:25:00'),
(158, 3, 138, 'periodo', 138, '11:25:00', '11:30:00'),
(159, 3, 139, 'periodo', 139, '11:30:00', '11:35:00'),
(160, 3, 140, 'periodo', 140, '11:35:00', '11:40:00'),
(161, 3, 141, 'periodo', 141, '11:40:00', '11:45:00'),
(162, 3, 142, 'periodo', 142, '11:45:00', '11:50:00'),
(163, 3, 143, 'periodo', 143, '11:50:00', '11:55:00'),
(164, 3, 144, 'periodo', 144, '11:55:00', '12:00:00'),
(165, 3, 145, 'periodo', 145, '12:00:00', '12:05:00'),
(166, 3, 146, 'periodo', 146, '12:05:00', '12:10:00'),
(167, 3, 147, 'periodo', 147, '12:10:00', '12:15:00'),
(168, 3, 148, 'periodo', 148, '12:15:00', '12:20:00'),
(169, 3, 149, 'periodo', 149, '12:20:00', '12:25:00'),
(170, 3, 150, 'periodo', 150, '12:25:00', '12:30:00'),
(171, 3, 151, 'periodo', 151, '12:30:00', '12:35:00'),
(172, 3, 152, 'periodo', 152, '12:35:00', '12:40:00'),
(173, 3, 153, 'periodo', 153, '12:40:00', '12:45:00'),
(174, 3, 154, 'periodo', 154, '12:45:00', '12:50:00'),
(175, 3, 155, 'periodo', 155, '12:50:00', '12:55:00'),
(176, 3, 156, 'periodo', 156, '12:55:00', '13:00:00'),
(177, 3, 157, 'periodo', 157, '13:00:00', '13:05:00'),
(178, 3, 158, 'periodo', 158, '13:05:00', '13:10:00'),
(179, 3, 159, 'periodo', 159, '13:10:00', '13:15:00'),
(180, 3, 160, 'periodo', 160, '13:15:00', '13:20:00'),
(181, 3, 161, 'periodo', 161, '13:20:00', '13:25:00'),
(182, 3, 162, 'periodo', 162, '13:25:00', '13:30:00'),
(183, 3, 163, 'periodo', 163, '13:30:00', '13:35:00'),
(184, 3, 164, 'periodo', 164, '13:35:00', '13:40:00'),
(185, 3, 165, 'periodo', 165, '13:40:00', '13:45:00'),
(186, 3, 166, 'periodo', 166, '13:45:00', '13:50:00'),
(187, 3, 167, 'periodo', 167, '13:50:00', '13:55:00'),
(188, 3, 168, 'periodo', 168, '13:55:00', '14:00:00'),
(189, 3, 169, 'periodo', 169, '14:00:00', '14:05:00'),
(190, 3, 170, 'periodo', 170, '14:05:00', '14:10:00'),
(191, 3, 171, 'periodo', 171, '14:10:00', '14:15:00'),
(192, 3, 172, 'periodo', 172, '14:15:00', '14:20:00'),
(193, 3, 173, 'periodo', 173, '14:20:00', '14:25:00'),
(194, 3, 174, 'periodo', 174, '14:25:00', '14:30:00'),
(195, 3, 175, 'periodo', 175, '14:30:00', '14:35:00'),
(196, 3, 176, 'periodo', 176, '14:35:00', '14:40:00'),
(197, 3, 177, 'periodo', 177, '14:40:00', '14:45:00'),
(198, 3, 178, 'periodo', 178, '14:45:00', '14:50:00'),
(199, 3, 179, 'periodo', 179, '14:50:00', '14:55:00'),
(200, 3, 180, 'periodo', 180, '14:55:00', '15:00:00'),
(201, 3, 181, 'periodo', 181, '15:00:00', '15:05:00'),
(202, 3, 182, 'periodo', 182, '15:05:00', '15:10:00'),
(203, 3, 183, 'periodo', 183, '15:10:00', '15:15:00'),
(204, 3, 184, 'periodo', 184, '15:15:00', '15:20:00'),
(205, 3, 185, 'periodo', 185, '15:20:00', '15:25:00'),
(206, 3, 186, 'periodo', 186, '15:25:00', '15:30:00'),
(207, 3, 187, 'periodo', 187, '15:30:00', '15:35:00'),
(208, 3, 188, 'periodo', 188, '15:35:00', '15:40:00'),
(209, 3, 189, 'periodo', 189, '15:40:00', '15:45:00'),
(210, 3, 190, 'periodo', 190, '15:45:00', '15:50:00'),
(211, 3, 191, 'periodo', 191, '15:50:00', '15:55:00'),
(212, 3, 192, 'periodo', 192, '15:55:00', '16:00:00'),
(213, 3, 193, 'periodo', 193, '16:00:00', '16:05:00'),
(214, 3, 194, 'periodo', 194, '16:05:00', '16:10:00'),
(215, 3, 195, 'periodo', 195, '16:10:00', '16:15:00'),
(216, 3, 196, 'periodo', 196, '16:15:00', '16:20:00'),
(217, 3, 197, 'periodo', 197, '16:20:00', '16:25:00'),
(218, 3, 198, 'periodo', 198, '16:25:00', '16:30:00'),
(219, 3, 199, 'periodo', 199, '16:30:00', '16:35:00'),
(220, 3, 200, 'periodo', 200, '16:35:00', '16:40:00'),
(221, 3, 201, 'periodo', 201, '16:40:00', '16:45:00'),
(222, 3, 202, 'periodo', 202, '16:45:00', '16:50:00'),
(223, 3, 203, 'periodo', 203, '16:50:00', '16:55:00'),
(224, 3, 204, 'periodo', 204, '16:55:00', '17:00:00'),
(225, 3, 205, 'periodo', 205, '17:00:00', '17:05:00'),
(226, 3, 206, 'periodo', 206, '17:05:00', '17:10:00'),
(227, 3, 207, 'periodo', 207, '17:10:00', '17:15:00'),
(228, 3, 208, 'periodo', 208, '17:15:00', '17:20:00'),
(229, 3, 209, 'periodo', 209, '17:20:00', '17:25:00'),
(230, 3, 210, 'periodo', 210, '17:25:00', '17:30:00'),
(231, 3, 211, 'periodo', 211, '17:30:00', '17:35:00'),
(232, 3, 212, 'periodo', 212, '17:35:00', '17:40:00'),
(233, 3, 213, 'periodo', 213, '17:40:00', '17:45:00'),
(234, 3, 214, 'periodo', 214, '17:45:00', '17:50:00'),
(235, 3, 215, 'periodo', 215, '17:50:00', '17:55:00'),
(236, 3, 216, 'periodo', 216, '17:55:00', '18:00:00'),
(237, 3, 217, 'periodo', 217, '18:00:00', '18:05:00'),
(238, 3, 218, 'periodo', 218, '18:05:00', '18:10:00'),
(239, 3, 219, 'periodo', 219, '18:10:00', '18:15:00'),
(240, 3, 220, 'periodo', 220, '18:15:00', '18:20:00'),
(241, 3, 221, 'periodo', 221, '18:20:00', '18:25:00'),
(242, 3, 222, 'periodo', 222, '18:25:00', '18:30:00'),
(243, 3, 223, 'periodo', 223, '18:30:00', '18:35:00'),
(244, 3, 224, 'periodo', 224, '18:35:00', '18:40:00'),
(245, 3, 225, 'periodo', 225, '18:40:00', '18:45:00'),
(246, 3, 226, 'periodo', 226, '18:45:00', '18:50:00'),
(247, 3, 227, 'periodo', 227, '18:50:00', '18:55:00'),
(248, 3, 228, 'periodo', 228, '18:55:00', '19:00:00'),
(249, 3, 229, 'periodo', 229, '19:00:00', '19:05:00'),
(250, 3, 230, 'periodo', 230, '19:05:00', '19:10:00'),
(251, 3, 231, 'periodo', 231, '19:10:00', '19:15:00'),
(252, 3, 232, 'periodo', 232, '19:15:00', '19:20:00'),
(253, 3, 233, 'periodo', 233, '19:20:00', '19:25:00'),
(254, 3, 234, 'periodo', 234, '19:25:00', '19:30:00'),
(255, 3, 235, 'periodo', 235, '19:30:00', '19:35:00'),
(256, 3, 236, 'periodo', 236, '19:35:00', '19:40:00'),
(257, 3, 237, 'periodo', 237, '19:40:00', '19:45:00'),
(258, 3, 238, 'periodo', 238, '19:45:00', '19:50:00'),
(259, 3, 239, 'periodo', 239, '19:50:00', '19:55:00'),
(260, 3, 240, 'periodo', 240, '19:55:00', '20:00:00'),
(261, 3, 241, 'periodo', 241, '20:00:00', '20:05:00'),
(262, 3, 242, 'periodo', 242, '20:05:00', '20:10:00'),
(263, 3, 243, 'periodo', 243, '20:10:00', '20:15:00'),
(264, 3, 244, 'periodo', 244, '20:15:00', '20:20:00'),
(265, 3, 245, 'periodo', 245, '20:20:00', '20:25:00'),
(266, 3, 246, 'periodo', 246, '20:25:00', '20:30:00'),
(267, 3, 247, 'periodo', 247, '20:30:00', '20:35:00'),
(268, 3, 248, 'periodo', 248, '20:35:00', '20:40:00'),
(269, 3, 249, 'periodo', 249, '20:40:00', '20:45:00'),
(270, 3, 250, 'periodo', 250, '20:45:00', '20:50:00'),
(271, 3, 251, 'periodo', 251, '20:50:00', '20:55:00'),
(272, 3, 252, 'periodo', 252, '20:55:00', '21:00:00'),
(273, 3, 253, 'periodo', 253, '21:00:00', '21:05:00'),
(274, 3, 254, 'periodo', 254, '21:05:00', '21:10:00'),
(275, 3, 255, 'periodo', 255, '21:10:00', '21:15:00'),
(276, 3, 256, 'periodo', 256, '21:15:00', '21:20:00'),
(277, 3, 257, 'periodo', 257, '21:20:00', '21:25:00'),
(278, 3, 258, 'periodo', 258, '21:25:00', '21:30:00'),
(279, 3, 259, 'periodo', 259, '21:30:00', '21:35:00'),
(280, 3, 260, 'periodo', 260, '21:35:00', '21:40:00'),
(281, 3, 261, 'periodo', 261, '21:40:00', '21:45:00'),
(282, 3, 262, 'periodo', 262, '21:45:00', '21:50:00'),
(283, 3, 263, 'periodo', 263, '21:50:00', '21:55:00'),
(284, 3, 264, 'periodo', 264, '21:55:00', '22:00:00'),
(285, 3, 265, 'periodo', 265, '22:00:00', '22:05:00'),
(286, 3, 266, 'periodo', 266, '22:05:00', '22:10:00'),
(287, 3, 267, 'periodo', 267, '22:10:00', '22:15:00'),
(288, 3, 268, 'periodo', 268, '22:15:00', '22:20:00'),
(289, 3, 269, 'periodo', 269, '22:20:00', '22:25:00'),
(290, 3, 270, 'periodo', 270, '22:25:00', '22:30:00'),
(291, 3, 271, 'periodo', 271, '22:30:00', '22:35:00'),
(292, 3, 272, 'periodo', 272, '22:35:00', '22:40:00'),
(293, 3, 273, 'periodo', 273, '22:40:00', '22:45:00'),
(294, 3, 274, 'periodo', 274, '22:45:00', '22:50:00'),
(295, 3, 275, 'periodo', 275, '22:50:00', '22:55:00'),
(296, 3, 276, 'periodo', 276, '22:55:00', '23:00:00'),
(297, 3, 277, 'periodo', 277, '23:00:00', '23:05:00'),
(298, 3, 278, 'periodo', 278, '23:05:00', '23:10:00'),
(299, 3, 279, 'periodo', 279, '23:10:00', '23:15:00'),
(300, 3, 280, 'periodo', 280, '23:15:00', '23:20:00'),
(301, 3, 281, 'periodo', 281, '23:20:00', '23:25:00'),
(302, 3, 282, 'periodo', 282, '23:25:00', '23:30:00'),
(303, 3, 283, 'periodo', 283, '23:30:00', '23:35:00'),
(304, 3, 284, 'periodo', 284, '23:35:00', '23:40:00'),
(305, 3, 285, 'periodo', 285, '23:40:00', '23:45:00'),
(306, 3, 286, 'periodo', 286, '23:45:00', '23:50:00'),
(307, 3, 287, 'periodo', 287, '23:50:00', '23:55:00'),
(308, 3, 288, 'periodo', 288, '23:55:00', '00:00:00');

-- --------------------------------------------------------

--
-- Table structure for table `login`
--

CREATE TABLE `login` (
  `id` int NOT NULL,
  `email` varchar(255) NOT NULL,
  `password` varchar(255) NOT NULL,
  `id_usuario` int NOT NULL
) ENGINE=InnoDB DEFAULT CHARSET=latin1;

--
-- Dumping data for table `login`
--

INSERT INTO `login` (`id`, `email`, `password`, `id_usuario`) VALUES
(1, 'stefany.acha@saintandrews.edu.bo', '8cb2237d0679ca88db6464eac60da96345513964', 1),
(2, 'anamaria.ackermann@saintandrews.edu.bo', '8cb2237d0679ca88db6464eac60da96345513964', 2),
(3, 'patricia.aguilar@saintandrews.edu.bo', '8cb2237d0679ca88db6464eac60da96345513964', 3),
(4, 'lucia.alipaz@saintandrews.edu.bo', '8cb2237d0679ca88db6464eac60da96345513964', 4),
(5, 'paola.alvarez@saintandrews.edu.bo', '8cb2237d0679ca88db6464eac60da96345513964', 5),
(6, 'rodrigo.alvarez@saintandrews.edu.bo', '8cb2237d0679ca88db6464eac60da96345513964', 6),
(7, 'patricia.angelo@saintandrews.edu.bo', '8cb2237d0679ca88db6464eac60da96345513964', 7),
(8, 'milenka.antequera@saintandrews.edu.bo', '8cb2237d0679ca88db6464eac60da96345513964', 8),
(9, 'veronica.aranibar@saintandrews.edu.bo', '8cb2237d0679ca88db6464eac60da96345513964', 9),
(10, 'sebastian.arce@saintandrews.edu.bo', '8cb2237d0679ca88db6464eac60da96345513964', 10),
(11, 'carola.arzabe@saintandrews.edu.bo', '8cb2237d0679ca88db6464eac60da96345513964', 11),
(12, 'adrienne.bashford@saintandrews.edu.bo', '8cb2237d0679ca88db6464eac60da96345513964', 12),
(13, 'patricia.calvimontes@saintandrews.edu.bo', '8cb2237d0679ca88db6464eac60da96345513964', 13),
(14, 'lucero.camargo@saintandrews.edu.bo', '8cb2237d0679ca88db6464eac60da96345513964', 14),
(15, 'angela.caro@saintandrews.edu.bo', '8cb2237d0679ca88db6464eac60da96345513964', 15),
(16, 'tatiana.condori@saintandrews.edu.bo', '8cb2237d0679ca88db6464eac60da96345513964', 16),
(17, 'micaela.galdo@saintandrews.edu.bo', '8cb2237d0679ca88db6464eac60da96345513964', 17),
(18, 'tatiana.gantier@saintandrews.edu.bo', '8cb2237d0679ca88db6464eac60da96345513964', 18),
(19, 'gelcy.garcia@saintandrews.edu.bo', '8cb2237d0679ca88db6464eac60da96345513964', 19),
(20, 'yoshida.gonzales@saintandrews.edu.bo', '8cb2237d0679ca88db6464eac60da96345513964', 20),
(21, 'jesus.grillo@saintandrews.edu.bo', '8cb2237d0679ca88db6464eac60da96345513964', 21),
(22, 'fabiana.hennings@saintandrews.edu.bo', '8cb2237d0679ca88db6464eac60da96345513964', 22),
(23, 'gicela.illatarco@saintandrews.edu.bo', '8cb2237d0679ca88db6464eac60da96345513964', 23),
(24, 'nicole.lara@saintandrews.edu.bo', '8cb2237d0679ca88db6464eac60da96345513964', 24),
(25, 'ludmila.lejsek@saintandrews.edu.bo', '8cb2237d0679ca88db6464eac60da96345513964', 25),
(26, 'veronica.marquez@saintandrews.edu.bo', '8cb2237d0679ca88db6464eac60da96345513964', 26),
(27, 'alvaro.mercado@saintandrews.edu.bo', '8cb2237d0679ca88db6464eac60da96345513964', 27),
(28, 'carla.monroy@saintandrews.edu.bo', '8cb2237d0679ca88db6464eac60da96345513964', 28),
(29, 'romer.oblitas@saintandrews.edu.bo', '8cb2237d0679ca88db6464eac60da96345513964', 29),
(30, 'doris.palazuelos@saintandrews.edu.bo', '8cb2237d0679ca88db6464eac60da96345513964', 30),
(31, 'pamela.peralta@saintandrews.edu.bo', '8cb2237d0679ca88db6464eac60da96345513964', 31),
(32, 'carmen.pozo@saintandrews.edu.bo', '8cb2237d0679ca88db6464eac60da96345513964', 32),
(33, 'daniela.prudencio@saintandrews.edu.bo', '8cb2237d0679ca88db6464eac60da96345513964', 33),
(34, 'andrea.prudencio@saintandrews.edu.bo', '8cb2237d0679ca88db6464eac60da96345513964', 34),
(35, 'mariajose.querejazu@saintandrews.edu.bo', '8cb2237d0679ca88db6464eac60da96345513964', 35),
(36, 'susana.rada@saintandrews.edu.bo', '8cb2237d0679ca88db6464eac60da96345513964', 36),
(37, 'cecilia.ramos@saintandrews.edu.bo', '8cb2237d0679ca88db6464eac60da96345513964', 37),
(38, 'pastor.riascos@saintandrews.edu.bo', '8cb2237d0679ca88db6464eac60da96345513964', 38),
(39, 'edna.rospigliosi@saintandrews.edu.bo', '8cb2237d0679ca88db6464eac60da96345513964', 39),
(40, 'ana.salazar@saintandrews.edu.bo', '8cb2237d0679ca88db6464eac60da96345513964', 40),
(41, 'ximena.sanjines@saintandrews.edu.bo', '8cb2237d0679ca88db6464eac60da96345513964', 41),
(42, 'giovanni.santos@saintandrews.edu.bo', '8cb2237d0679ca88db6464eac60da96345513964', 42),
(43, 'pia.segovia@saintandrews.edu.bo', '8cb2237d0679ca88db6464eac60da96345513964', 43),
(44, 'claudia.silvestro@saintandrews.edu.bo', '8cb2237d0679ca88db6464eac60da96345513964', 44),
(45, 'rodolfo.urquizu@saintandrews.edu.bo', '8cb2237d0679ca88db6464eac60da96345513964', 45),
(46, 'veronica.vasquez@saintandrews.edu.bo', '8cb2237d0679ca88db6464eac60da96345513964', 46),
(47, 'evelyn.velasco@saintandrews.edu.bo', '8cb2237d0679ca88db6464eac60da96345513964', 47),
(48, 'patricia.villa@saintandrews.edu.bo', '8cb2237d0679ca88db6464eac60da96345513964', 48),
(49, 'ismael.zacari@saintandrews.edu.bo', '8cb2237d0679ca88db6464eac60da96345513964', 49),
(50, 'valeria.zeballos@saintandrews.edu.bo', '8cb2237d0679ca88db6464eac60da96345513964', 50),
(51, 'bryan.adriazola@saintandrews.edu.bo', '8cb2237d0679ca88db6464eac60da96345513964', 51),
(52, 'jhonny.aguilar@saintandrews.edu.bo', '8cb2237d0679ca88db6464eac60da96345513964', 52),
(53, 'fernando.aguilar@saintandrews.edu.bo', '8cb2237d0679ca88db6464eac60da96345513964', 53),
(54, 'daniela.alcoreza@saintandrews.edu.bo', '8cb2237d0679ca88db6464eac60da96345513964', 54),
(55, 'valentina.alves@saintandrews.edu.bo', '8cb2237d0679ca88db6464eac60da96345513964', 55),
(56, 'sergio.amaru@saintandrews.edu.bo', '8cb2237d0679ca88db6464eac60da96345513964', 56),
(57, 'sonia.aruquipa@saintandrews.edu.bo', '8cb2237d0679ca88db6464eac60da96345513964', 57),
(58, 'rodrigo.calbimonte@saintandrews.edu.bo', '8cb2237d0679ca88db6464eac60da96345513964', 58),
(59, 'paula.cariaga@saintandrews.edu.bo', '8cb2237d0679ca88db6464eac60da96345513964', 59),
(60, 'vanessa.carvajal@saintandrews.edu.bo', '8cb2237d0679ca88db6464eac60da96345513964', 60),
(61, 'paul.chacon@saintandrews.edu.bo', '8cb2237d0679ca88db6464eac60da96345513964', 61),
(62, 'patricia.delcarpio@saintandrews.edu.bo', '8cb2237d0679ca88db6464eac60da96345513964', 62),
(63, 'beremiz.erazo@saintandrews.edu.bo', '8cb2237d0679ca88db6464eac60da96345513964', 63),
(64, 'daniel.leon@saintandrews.edu.bo', '8cb2237d0679ca88db6464eac60da96345513964', 64),
(65, 'vicente.loayza@saintandrews.edu.bo', '8cb2237d0679ca88db6464eac60da96345513964', 65),
(66, 'daniel.lujan@saintandrews.edu.bo', '8cb2237d0679ca88db6464eac60da96345513964', 66),
(67, 'shirley.luna@saintandrews.edu.bo', '8cb2237d0679ca88db6464eac60da96345513964', 67),
(68, 'david.luna@saintandrews.edu.bo', '8cb2237d0679ca88db6464eac60da96345513964', 68),
(69, 'bernardo.maceres@saintandrews.edu.bo', '8cb2237d0679ca88db6464eac60da96345513964', 69),
(70, 'irene.navarro@saintandrews.edu.bo', '8cb2237d0679ca88db6464eac60da96345513964', 70),
(71, 'diego.otero@saintandrews.edu.bo', '8cb2237d0679ca88db6464eac60da96345513964', 71),
(72, 'annie.palenque@saintandrews.edu.bo', '8cb2237d0679ca88db6464eac60da96345513964', 72),
(73, 'sonia.parra@saintandrews.edu.bo', '8cb2237d0679ca88db6464eac60da96345513964', 73),
(74, 'sofia.paz@saintandrews.edu.bo', '8cb2237d0679ca88db6464eac60da96345513964', 74),
(75, 'fernando.quino@saintandrews.edu.bo', '8cb2237d0679ca88db6464eac60da96345513964', 75),
(76, 'jorge.reque@saintandrews.edu.bo', '8cb2237d0679ca88db6464eac60da96345513964', 76),
(77, 'jose.rios@saintandrews.edu.bo', '8cb2237d0679ca88db6464eac60da96345513964', 77),
(78, 'estefanie.rivas@saintandrews.edu.bo', '8cb2237d0679ca88db6464eac60da96345513964', 78),
(79, 'admin@saintandrews.edu.bo', '8cb2237d0679ca88db6464eac60da96345513964', 79),
(80, 'valeria.sanz@saintandrews.edu.bo', '8cb2237d0679ca88db6464eac60da96345513964', 80),
(81, 'diana.taborga@saintandrews.edu.bo', '8cb2237d0679ca88db6464eac60da96345513964', 81),
(82, 'juan.vargas@saintandrews.edu.bo', '8cb2237d0679ca88db6464eac60da96345513964', 82),
(83, 'tamara.videa@saintandrews.edu.bo', '8cb2237d0679ca88db6464eac60da96345513964', 83),
(84, 'wilfredo.asencio@saintandrews.edu.bo', '8cb2237d0679ca88db6464eac60da96345513964', 84),
(85, 'elizabeth.yana@saintandrews.edu.bo', '8cb2237d0679ca88db6464eac60da96345513964', 85),
(86, 'carlos.zepita@saintandrews.edu.bo', '8cb2237d0679ca88db6464eac60da96345513964', 86),
(87, 'maria.acha@saintandrews.edu.bo', '8cb2237d0679ca88db6464eac60da96345513964', 87),
(88, 'paola.alarcon@saintandrews.edu.bo', '8cb2237d0679ca88db6464eac60da96345513964', 88),
(89, 'andrea.aramayo@saintandrews.edu.bo', '8cb2237d0679ca88db6464eac60da96345513964', 89),
(90, 'montserrat.arce@saintandrews.edu.bo', '8cb2237d0679ca88db6464eac60da96345513964', 90),
(91, 'carolina.arnold@saintandrews.edu.bo', '8cb2237d0679ca88db6464eac60da96345513964', 91),
(92, 'alejandra.brito@saintandrews.edu.bo', '8cb2237d0679ca88db6464eac60da96345513964', 92),
(93, 'fabiana.canedo@saintandrews.edu.bo', '8cb2237d0679ca88db6464eac60da96345513964', 93),
(94, 'daniela.daza@saintandrews.edu.bo', '8cb2237d0679ca88db6464eac60da96345513964', 94),
(95, 'eugenia.delgadillo@saintandrews.edu.bo', '8cb2237d0679ca88db6464eac60da96345513964', 95),
(96, 'valeria.diaz@saintandrews.edu.bo', '8cb2237d0679ca88db6464eac60da96345513964', 96),
(97, 'martina.eguino@saintandrews.edu.bo', '8cb2237d0679ca88db6464eac60da96345513964', 97),
(98, 'daniela.escobar@saintandrews.edu.bo', '8cb2237d0679ca88db6464eac60da96345513964', 98),
(99, 'vanesa.espinoza@saintandrews.edu.bo', '8cb2237d0679ca88db6464eac60da96345513964', 99),
(100, 'fernanda.garcia@saintandrews.edu.bo', '8cb2237d0679ca88db6464eac60da96345513964', 100),
(101, 'alejandra.garcia@saintandrews.edu.bo', '8cb2237d0679ca88db6464eac60da96345513964', 101),
(102, 'jesus.ibanez@saintandrews.edu.bo', '8cb2237d0679ca88db6464eac60da96345513964', 102),
(103, 'lucia.machicao@saintandrews.edu.bo', '8cb2237d0679ca88db6464eac60da96345513964', 103),
(104, 'cecilia.marion@saintandrews.edu.bo', '8cb2237d0679ca88db6464eac60da96345513964', 104),
(105, 'daniela.meschwitz@saintandrews.edu.bo', '8cb2237d0679ca88db6464eac60da96345513964', 105),
(106, 'fabiola.michel@saintandrews.edu.bo', '8cb2237d0679ca88db6464eac60da96345513964', 106),
(107, 'carla.miranda@saintandrews.edu.bo', '8cb2237d0679ca88db6464eac60da96345513964', 107),
(108, 'michelle.moscoso@saintandrews.edu.bo', '8cb2237d0679ca88db6464eac60da96345513964', 108),
(109, 'mabernarda.oxa@saintandrews.edu.bo', '8cb2237d0679ca88db6464eac60da96345513964', 109),
(110, 'paola.pacheco@saintandrews.edu.bo', '8cb2237d0679ca88db6464eac60da96345513964', 110),
(111, 'admin@saintandrews.edu.bo', '8cb2237d0679ca88db6464eac60da96345513964', 111),
(112, 'gigliana.pucci@saintandrews.edu.bo', '8cb2237d0679ca88db6464eac60da96345513964', 112),
(113, 'paola.reguerin@saintandrews.edu.bo', '8cb2237d0679ca88db6464eac60da96345513964', 113),
(114, 'camila.richter@saintandrews.edu.bo', '8cb2237d0679ca88db6464eac60da96345513964', 114),
(115, 'cecilia.rivero@saintandrews.edu.bo', '8cb2237d0679ca88db6464eac60da96345513964', 115),
(116, 'giselle.rodrigo@saintandrews.edu.bo', '8cb2237d0679ca88db6464eac60da96345513964', 116),
(117, 'daniela.ruiz@saintandrews.edu.bo', '8cb2237d0679ca88db6464eac60da96345513964', 117),
(118, 'laura.seleme@saintandrews.edu.bo', '8cb2237d0679ca88db6464eac60da96345513964', 118),
(119, 'admin@saintandrews.edu.bo', '8cb2237d0679ca88db6464eac60da96345513964', 119),
(120, 'mariana.urquidi@saintandrews.edu.bo', '8cb2237d0679ca88db6464eac60da96345513964', 120),
(121, 'valeria.zarate@saintandrews.edu.bo', '8cb2237d0679ca88db6464eac60da96345513964', 121),
(122, 'mariana.diaz@saintandrews.edu.bo', '8cb2237d0679ca88db6464eac60da96345513964', 122),
(123, 'angie.olaechea@saintandrews.edu.bo', '8cb2237d0679ca88db6464eac60da96345513964', 123),
(124, 'marianela.calderon@saintandrews.edu.bo', '8cb2237d0679ca88db6464eac60da96345513964', 124),
(125, 'humberto.portocarrero@saintandrews.edu.bo', '8cb2237d0679ca88db6464eac60da96345513964', 125),
(126, 'paola.reyes@saintandrews.edu.bo', '8cb2237d0679ca88db6464eac60da96345513964', 126),
(127, 'anamaria.garcia@saintandrews.edu.bo', '8cb2237d0679ca88db6464eac60da96345513964', 127),
(128, 'erik.fernandez@saintandrews.edu.bo', '8cb2237d0679ca88db6464eac60da96345513964', 128),
(129, 'roberto.reque@saintandrews.edu.bo', '8cb2237d0679ca88db6464eac60da96345513964', 129),
(130, 'susana.guachalla@saintandrews.edu.bo', '8cb2237d0679ca88db6464eac60da96345513964', 130),
(131, 'monica.villarreal@saintandrews.edu.bo', '8cb2237d0679ca88db6464eac60da96345513964', 131);

-- --------------------------------------------------------

--
-- Table structure for table `materia`
--

CREATE TABLE `materia` (
  `id` int NOT NULL,
  `detalle` varchar(255) DEFAULT NULL,
  `nivel` int NOT NULL
) ENGINE=InnoDB DEFAULT CHARSET=utf8mb4 COLLATE=utf8mb4_0900_ai_ci;

--
-- Dumping data for table `materia`
--

INSERT INTO `materia` (`id`, `detalle`, `nivel`) VALUES
(1, 'ARTE', 2),
(2, 'ARTES', 1),
(3, 'ARTES', 4),
(4, 'AYMARA', 2),
(5, 'BIOLOGIA', 2),
(6, 'CIENCIAS', 1),
(7, 'CIENCIAS', 4),
(8, 'DEPORTES', 1),
(9, 'DEPORTES', 2),
(10, 'DEPORTES', 4),
(11, 'ESPAÑOL', 2),
(12, 'ESPAÑOL', 1),
(13, 'ESPAÑOL', 4),
(14, 'FILOSOFIA', 2),
(15, 'FISICA', 2),
(16, 'GIMNASIA', 4),
(17, 'HISTORIA', 2),
(18, 'INGLES', 1),
(19, 'INGLES', 2),
(20, 'INGLES', 4),
(21, 'MATEMATICA', 1),
(22, 'MATEMATICA', 2),
(23, 'MATEMATICAS', 1),
(24, 'MATEMATICAS', 4),
(25, 'MUSICA', 1),
(26, 'MUSICA', 2),
(27, 'PSICOMOTRICIDAD', 4),
(28, 'QUIMICA', 2),
(29, 'RELIGION', 1),
(30, 'RELIGION', 2),
(31, 'RELIGION', 4),
(32, 'SOCIALES', 1),
(33, 'SOCIALES', 4),
(34, 'TECNOLOGIA', 1),
(35, 'VALORES', 2);

-- --------------------------------------------------------

--
-- Table structure for table `usuario`
--

CREATE TABLE `usuario` (
  `id_user` int NOT NULL,
  `nombre` varchar(255) NOT NULL,
  `cargo` varchar(255) NOT NULL,
  `detalle` varchar(255) NOT NULL,
  `habilitado` int NOT NULL,
  `nivel` int NOT NULL
) ENGINE=InnoDB DEFAULT CHARSET=latin1;

--
-- Dumping data for table `usuario`
--

INSERT INTO `usuario` (`id_user`, `nombre`, `cargo`, `detalle`, `habilitado`, `nivel`) VALUES
(1, 'ACHA ESTEFANNY', 'profesor', 'DOCENTE', 1, 1),
(2, 'ACKERMANN ANA MARÍA', 'profesor', 'DOCENTE', 1, 1),
(3, 'AGUILAR RUIZ PATRICIA SORAYA', 'profesor', 'DOCENTE', 1, 1),
(4, 'ALIPAZ CALDERON LUCIA MARINA', 'profesor', 'DOCENTE', 1, 1),
(5, 'ALVAREZ EVIA MADELEINE PAOLA', 'profesor', 'DOCENTE', 1, 1),
(6, 'ALVAREZ RODRIGO', 'profesor', 'DOCENTE', 1, 1),
(7, 'ANGELO BARRIOS PATRICIA MARLENE', 'profesor', 'DOCENTE', 1, 1),
(8, 'ANTEQUERA MILENKA', 'profesor', 'DOCENTE', 1, 1),
(9, 'ARANIBAR GUMUCIO VERONICA PATRICIA', 'profesor', 'DOCENTE', 1, 1),
(10, 'ARCE SEBASTIAN', 'profesor', 'DOCENTE', 1, 1),
(11, 'ARZABE BIGGEMANN CAROLA MARIA', 'profesor', 'DOCENTE', 1, 1),
(12, 'BASHFORD MARETT ADRIENNE ESTHER', 'profesor', 'DOCENTE', 1, 1),
(13, 'CALVIMONTES LOPEZ PATRICIA EMILENE', 'profesor', 'DOCENTE', 1, 1),
(14, 'CAMARGO VARGAS LINSEYD LUCERO', 'profesor', 'DOCENTE', 1, 1),
(15, 'CARO VELASQUEZ ANGELA MARIA', 'profesor', 'DOCENTE', 1, 1),
(16, 'CONDORI AYALA TATIANA GEMA', 'profesor', 'DOCENTE', 1, 1),
(17, 'GALDO ARZE MICAELA', 'profesor', 'DOCENTE', 1, 1),
(18, 'GANTIER JEMIO TATIANA', 'profesor', 'DOCENTE', 1, 1),
(19, 'GARCIA GOYZUETA GELCY STEFANY', 'profesor', 'DOCENTE', 1, 1),
(20, 'GONZALES TICONA YOSHIDA BEATRIZ', 'profesor', 'DOCENTE', 1, 1),
(21, 'GRILLO VASQUEZ JESUS ALBERTO', 'profesor', 'DOCENTE', 1, 1),
(22, 'HENNINGS ASCARRUNZ FABIANA JEANNETTE', 'profesor', 'DOCENTE', 1, 1),
(23, 'ILLATARCO JIMENEZ GICELA', 'profesor', 'DOCENTE', 1, 1),
(24, 'LARA CORDOVA NICOLE ANDREA', 'profesor', 'DOCENTE', 1, 1),
(25, 'LEJSEK HALAS LUDMILA ZDENKA', 'profesor', 'DOCENTE', 1, 1),
(26, 'MARQUEZ GALLARDO DINA VERONICA', 'profesor', 'DOCENTE', 1, 1),
(27, 'MERCADO VALLE ALVARO MIGUEL', 'profesor', 'DOCENTE', 1, 1),
(28, 'MONROY GIRON CARLA MARILYN', 'profesor', 'DOCENTE', 1, 1),
(29, 'OBLITAS BLANCO ROMER JACINTO', 'profesor', 'DOCENTE', 1, 1),
(30, 'PALAZUELOS OCAMPO CARMEN DORIS', 'profesor', 'DOCENTE', 1, 1),
(31, 'PERALTA TAMAYO PAMELA', 'profesor', 'DOCENTE', 1, 1),
(32, 'POZO RIOS CARMEN', 'profesor', 'DOCENTE', 1, 1),
(33, 'PRUDENCIO BONIFAZ DANIELA', 'profesor', 'DOCENTE', 1, 1),
(34, 'PRUDENCIO CARIAGA ANDREA', 'profesor', 'DOCENTE', 1, 1),
(35, 'QUEREJAZU MARIA JOSE', 'profesor', 'DOCENTE', 1, 1),
(36, 'RADA MORALES SUSANA MARGOT', 'profesor', 'DOCENTE', 1, 1),
(37, 'RAMOS PADILLA MARIA CECILIA', 'profesor', 'DOCENTE', 1, 1),
(38, 'RIASCOS VALVERDE PASTOR', 'profesor', 'DOCENTE', 1, 1),
(39, 'ROSPIGLIOSI MARIACA BRIGIDA EDNA', 'profesor', 'DOCENTE', 1, 1),
(40, 'SALAZAR POMAR ANA GABRIELA', 'profesor', 'DOCENTE', 1, 1),
(41, 'SANJINES AMONZABEL XIMENA NICOLE', 'profesor', 'DOCENTE', 1, 1),
(42, 'SANTOS VARGAS EDSON GIOVANNI', 'profesor', 'DOCENTE', 1, 1),
(43, 'SEGOVIA ROMERO MARIA PIA', 'profesor', 'DOCENTE', 1, 1),
(44, 'SILVESTRO ARZE CLAUDIA MARIA ANA', 'profesor', 'DOCENTE', 1, 1),
(45, 'URQUIZU TARIFA RODOLFO HUMBERTO', 'profesor', 'DOCENTE', 1, 1),
(46, 'VASQUEZ RODRIGUEZ VERONICA DEL CARMEN', 'profesor', 'DOCENTE', 1, 1),
(47, 'VELASCO GOYZUETA CLAUDIA EVELYN', 'profesor', 'DOCENTE', 1, 1),
(48, 'VILLA LAURA PATRICIA', 'profesor', 'DOCENTE', 1, 1),
(49, 'ZACARI POSTIGO ISMAEL', 'profesor', 'DOCENTE', 1, 1),
(50, 'ZEBALLOS CORIA MARIA VALERIA', 'profesor', 'DOCENTE', 1, 1),
(51, 'ADRIAZOLA CASTRO BRYAN AGUSTIN', 'profesor', 'DOCENTE', 1, 1),
(52, 'AGUILAR BLANCO JHONNY ANGEL', 'profesor', 'DOCENTE', 1, 1),
(53, 'AGUILAR FALCON LUIS FERNANDO', 'profesor', 'DOCENTE', 1, 1),
(54, 'ALCOREZA LORA VERONICA LETICIA DANIELA', 'profesor', 'DOCENTE', 1, 1),
(55, 'ALVES MACIAS VALENTINA VANESSA', 'profesor', 'DOCENTE', 1, 1),
(56, 'AMARU SERGIO', 'profesor', 'DOCENTE', 1, 1),
(57, 'ARUQUIPA CHOQUE SONIA', 'profesor', 'DOCENTE', 1, 1),
(58, 'CALBIMONTE VELARDE RODRIGO', 'profesor', 'DOCENTE', 1, 1),
(59, 'CARIAGA CRESPO MARIA PAULA', 'profesor', 'DOCENTE', 1, 1),
(60, 'CARVAJAL AMUSQUIVAR VANESSA PAOLA', 'profesor', 'DOCENTE', 1, 1),
(61, 'CHACON DOMINGUEZ PAUL GERMAN', 'profesor', 'DOCENTE', 1, 1),
(62, 'DEL CARPIO DIAZ ANA PATRICIA', 'profesor', 'DOCENTE', 1, 1),
(63, 'ERAZO CASAL BEREMIZ', 'profesor', 'DOCENTE', 1, 1),
(64, 'LEON VILLARROEL DANIEL ALEJANDRO', 'profesor', 'DOCENTE', 1, 1),
(65, 'LOAYZA VICENTE', 'profesor', 'DOCENTE', 1, 1),
(66, 'LUJAN DANIEL HUMBERTO', 'profesor', 'DOCENTE', 1, 1),
(67, 'LUNA FERNANDEZ SHIRLEY AMERICA', 'profesor', 'DOCENTE', 1, 1),
(68, 'LUNA MENDOZA DAVID TOMAS', 'profesor', 'DOCENTE', 1, 1),
(69, 'MACERES CUENTAS JORGE BERNARDO', 'profesor', 'DOCENTE', 1, 1),
(70, 'NAVARRO SALGUERO IRENE', 'profesor', 'DOCENTE', 1, 1),
(71, 'OTERO DIEGO', 'profesor', 'DOCENTE', 1, 1),
(72, 'PALENQUE SUAREZ ANNIE LENNY', 'profesor', 'DOCENTE', 1, 1),
(73, 'PARRA VILLARROEL SONIA CRISTINA', 'profesor', 'DOCENTE', 1, 1),
(74, 'PAZ MOGRO-MORENO SOFIA DEL CARMEN', 'profesor', 'DOCENTE', 1, 1),
(75, 'QUINO ZEBALLOS FERNANDO', 'profesor', 'DOCENTE', 1, 1),
(76, 'REQUE JORGE', 'profesor', 'DOCENTE', 1, 1),
(77, 'RIOS CHIPANA JOSE ALEJANDRO', 'profesor', 'DOCENTE', 1, 1),
(78, 'RIVAS CASTILLO ESTEFANIE CLAUDIA', 'profesor', 'DOCENTE', 1, 1),
(79, 'ROSSO DURAN EYNAR HUMBERTO', 'profesor', 'DOCENTE', 1, 1),
(80, 'SANZ CARDENAS VALERIA', 'profesor', 'DOCENTE', 1, 1),
(81, 'TABORGA MONTES DIANA', 'profesor', 'DOCENTE', 1, 1),
(82, 'VARGAS ROLLANO JUAN PABLO', 'profesor', 'DOCENTE', 1, 1),
(83, 'VIDEA ARAMAYO PAOLA TAMARA', 'profesor', 'DOCENTE', 1, 1),
(84, 'WILFREDO MAMANI ASENCIO SERGIO ', 'profesor', 'DOCENTE', 1, 1),
(85, 'YANA COCARICO ELIZABETH', 'profesor', 'DOCENTE', 1, 1),
(86, 'ZEPITA CARLOS', 'profesor', 'DOCENTE', 1, 1),
(87, 'ACHA SERRANO MARIA JOSE', 'profesor', 'DOCENTE', 1, 1),
(88, 'ALARCON CABALLERO PAOLA ANDREA', 'profesor', 'DOCENTE', 1, 1),
(89, 'ARAMAYO ARANA ANDREA CAMILA', 'profesor', 'DOCENTE', 1, 1),
(90, 'ARCE MONSERRAT', 'profesor', 'DOCENTE', 1, 1),
(91, 'ARNOLD AVILA CAROLINA CRISTHEL', 'profesor', 'DOCENTE', 1, 1),
(92, 'BRITO CAMACHO ALEJANDRA', 'profesor', 'DOCENTE', 1, 1),
(93, 'CANEDO QUIROGA FABIANA GIORGINA', 'profesor', 'DOCENTE', 1, 1),
(94, 'DAZA BACARREZA DANIELA ANELY', 'profesor', 'DOCENTE', 1, 1),
(95, 'DELGADILLO DIAZ EUGENIA', 'profesor', 'DOCENTE', 1, 1),
(96, 'DIAZ GONZALEZ VALERIA OLGA', 'profesor', 'DOCENTE', 1, 1),
(97, 'EGUINO MARTINA', 'profesor', 'DOCENTE', 1, 1),
(98, 'ESCOBAR DANIELA', 'profesor', 'DOCENTE', 1, 1),
(99, 'ESPINOZA ORTUSTE WENDY VANESA', 'profesor', 'DOCENTE', 1, 1),
(100, 'GARCÍA FERNANDA', 'profesor', 'DOCENTE', 1, 1),
(101, 'GARCIA SALDANA CARMEN ALEJANDRA', 'profesor', 'DOCENTE', 1, 1),
(102, 'IBANEZ KHUNO JESUS', 'profesor', 'DOCENTE', 1, 1),
(103, 'MACHICAO ARAUCO LUCIA', 'profesor', 'DOCENTE', 1, 1),
(104, 'MARION JORDAN MARIA CECILIA', 'profesor', 'DOCENTE', 1, 1),
(105, 'MESCHWITZ CRONEMBOLD DANIELA', 'profesor', 'DOCENTE', 1, 1),
(106, 'MICHEL MONROY FABIOLA ANDREA', 'profesor', 'DOCENTE', 1, 1),
(107, 'MIRANDA CARLA', 'profesor', 'DOCENTE', 1, 1),
(108, 'MOSCOSO TAMAYO MICHELLE', 'profesor', 'DOCENTE', 1, 1),
(109, 'OXA SILVESTRO MARIA BERNARDA', 'profesor', 'DOCENTE', 1, 1),
(110, 'PACHECO LANDIVAR PAOLA ANDREA', 'profesor', 'DOCENTE', 1, 1),
(111, 'PATTY GUISBERT NOEMI EUNICE', 'profesor', 'DOCENTE', 1, 1),
(112, 'PUCCI GIGLIANA', 'profesor', 'DOCENTE', 1, 1),
(113, 'REGUERIN MOSCOSO PAOLA ANDREA', 'profesor', 'DOCENTE', 1, 1),
(114, 'RICHTER PAZ CAMILA', 'profesor', 'DOCENTE', 1, 1),
(115, 'RIVERO VILLARROEL IVONNE CECILIA', 'profesor', 'DOCENTE', 1, 1),
(116, 'RODRIGO SOLARES ADRIANA GISELLE', 'profesor', 'DOCENTE', 1, 1),
(117, 'RUIZ PERALTA DANIELA', 'profesor', 'DOCENTE', 1, 1),
(118, 'SELEME ANDRADE MARIA LAURA', 'profesor', 'DOCENTE', 1, 1),
(119, 'SORIA GALVARRO ARANIBAR NATALIA ANDREA', 'profesor', 'DOCENTE', 1, 1),
(120, 'URQUIDI MORENO MARIANA GUELLY', 'profesor', 'DOCENTE', 1, 1),
(121, 'ZARATE VALERIA', 'profesor', 'DOCENTE', 1, 1),
(122, 'DIAZ DE OROPEZA FLORES MARIANA KARINA', 'profesor', 'DOCENTE', 1, 1),
(123, 'OLAECHEA MUNOZ MARIA DE LOS ANGELES', 'profesor', 'DOCENTE', 1, 1),
(124, 'CALDERON ROJAS MARIANELA DEL ROSARIO', 'profesor', 'DOCENTE', 1, 1),
(125, 'PORTOCARRERO ARAMAYO HUMBERTO LUIS CESAR', 'administracion', 'SUB DIRECTOR', 1, 2),
(126, 'REYES RUCK PAOLA FERNANDA', 'administracion', 'DIRECTORA GENERAL', 1, 2),
(127, 'GARCIA GUZMAN ANA MARIA DEL PILAR', 'administracion', 'DIRECTORA NIVEL DIPLOMA', 1, 2),
(128, 'FERNANDEZ REVOLLO ERIK FABIAN', 'administracion', 'DIRECTOR NIVEL AÑOS INTERMEDIOS', 1, 2),
(129, 'REQUE GARCIA OSCAR ROBERTO', 'administracion', 'DIRECTOR NIVEL PRIMARIA', 1, 2),
(130, 'GUACHALLA FIORI SUSANA PATRICIA', 'administracion', 'DIRECTORA PEP', 1, 2),
(131, 'VILLARREAL CAREAGA MONICA ARGENTINA', 'administracion', 'DIRECTORA NIVEL INCIAL', 1, 2);

-- --------------------------------------------------------

--
-- Table structure for table `vouchers`
--

CREATE TABLE `vouchers` (
  `id` int NOT NULL,
  `codigo` text,
  `inicio` datetime DEFAULT NULL,
  `fin` datetime DEFAULT NULL,
  `id_clase` int DEFAULT NULL,
  `fecha` datetime DEFAULT NULL,
  `id_group_aps` int DEFAULT NULL,
  `estado` varchar(255) DEFAULT NULL,
  `id_horas` int DEFAULT NULL,
  `number_session` int DEFAULT NULL,
  `imagen` varchar(255) DEFAULT NULL
) ENGINE=InnoDB DEFAULT CHARSET=utf8mb4 COLLATE=utf8mb4_0900_ai_ci;

--
-- Dumping data for table `vouchers`
--

INSERT INTO `vouchers` (`id`, `codigo`, `inicio`, `fin`, `id_clase`, `fecha`, `id_group_aps`, `estado`, `id_horas`, `number_session`, `imagen`) VALUES
(11, 'QX415', '2020-10-14 07:15:00', '2020-10-14 07:20:00', 264, '2020-10-16 21:30:18', 3, 'REGISTRADO', 108, 7, '20201016213016_FERNANDO.AGUILAR.png'),
(12, 'CHTMS', '2020-10-15 07:15:00', '2020-10-15 07:20:00', 265, '2020-10-16 21:32:28', 3, 'REGISTRADO', 108, 9, '20201016213225_FERNANDO.AGUILAR.png'),
(13, 'XBEZH', '2020-10-13 07:15:00', '2020-10-13 07:20:00', 266, '2020-10-16 21:34:10', 3, 'REGISTRADO', 108, 6, '2020101621346_FERNANDO.AGUILAR.png'),
(14, '529N5', '2020-10-06 00:45:00', '2020-10-06 00:50:00', 268, '2020-10-16 21:36:38', 3, 'REGISTRADO', 30, 5, '20201016213636_FERNANDO.AGUILAR.png'),
(15, 'S9V7X', '2020-10-14 14:15:00', '2020-10-14 14:20:00', 261, '2020-10-16 21:39:31', 3, 'REGISTRADO', 192, 95, '20201016213922_FERNANDO.AGUILAR.png'),
(17, 'HMRNQ', '2020-10-15 00:45:00', '2020-10-15 00:50:00', 263, '2020-10-16 21:40:35', 3, 'REGISTRADO', 30, 5, '20201016214017_FERNANDO.AGUILAR.png'),
(18, 'ORP35', '2020-10-14 00:45:00', '2020-10-14 00:50:00', 263, '2020-10-16 21:41:01', 3, 'REGISTRADO', 30, 7, '20201016214054_FERNANDO.AGUILAR.png'),
(20, 'PWQTW', '2020-11-24 07:45:00', '2020-11-24 07:50:00', 261, '2020-11-28 11:40:22', 3, 'REGISTRADO', 114, 5, '20201128114019_FERNANDO.AGUILAR.png');

-- --------------------------------------------------------

--
-- Table structure for table `vouchers2`
--

CREATE TABLE `vouchers2` (
  `id` int NOT NULL,
  `codigo` text,
  `inicio` datetime DEFAULT NULL,
  `fin` datetime DEFAULT NULL,
  `id_clase` int DEFAULT NULL,
  `fecha` datetime DEFAULT NULL,
  `id_group_aps` int DEFAULT NULL,
  `estado` varchar(255) DEFAULT NULL,
  `id_horas` int DEFAULT NULL,
  `number_session` int DEFAULT NULL
) ENGINE=InnoDB DEFAULT CHARSET=utf8mb4 COLLATE=utf8mb4_0900_ai_ci;

--
-- Dumping data for table `vouchers2`
--

INSERT INTO `vouchers2` (`id`, `codigo`, `inicio`, `fin`, `id_clase`, `fecha`, `id_group_aps`, `estado`, `id_horas`, `number_session`) VALUES
(1, 'CWPLN', '2020-09-07 08:30:00', '2020-09-07 09:15:00', 260, '2020-09-07 20:09:11', 2, 'REGISTRADO', 11, 3),
(2, 'FL1RQ', '2020-09-08 08:30:00', '2020-09-08 09:15:00', 273, '2020-09-07 20:09:48', 2, 'REGISTRADO', 11, 7),
(3, 'SWAJG', '2020-09-10 11:55:00', '2020-09-10 12:40:00', 266, '2020-09-07 20:10:00', 2, 'REGISTRADO', 16, 5),
(4, 'NKPMF', '2020-09-07 13:55:00', '2020-09-07 14:40:00', 262, '2020-09-07 20:12:11', 2, 'REGISTRADO', 19, 5),
(5, 'LTRT7', '2020-09-09 09:15:00', '2020-09-09 10:00:00', 273, '2020-09-07 20:31:03', 2, 'REGISTRADO', 12, 300),
(6, 'DTZAP', '2020-09-09 12:40:00', '2020-09-09 13:25:00', 264, '2020-09-07 20:33:59', 2, 'REGISTRADO', 17, 5),
(7, 'G3D2Z', '2020-09-07 10:45:00', '2020-09-07 11:40:00', 267, '2020-09-07 21:58:35', 2, 'REGISTRADO', 14, 7),
(8, 'ZHWVA', '2020-09-07 10:00:00', '2020-09-07 10:45:00', 261, '2020-09-07 23:05:52', 2, 'REGISTRADO', 13, 4);

--
-- Indexes for dumped tables
--

--
-- Indexes for table `aps`
--
ALTER TABLE `aps`
  ADD PRIMARY KEY (`id`);

--
-- Indexes for table `aulas`
--
ALTER TABLE `aulas`
  ADD PRIMARY KEY (`id`);

--
-- Indexes for table `clases`
--
ALTER TABLE `clases`
  ADD PRIMARY KEY (`id`);

--
-- Indexes for table `configuracion`
--
ALTER TABLE `configuracion`
  ADD PRIMARY KEY (`id_config`);

--
-- Indexes for table `group_aps`
--
ALTER TABLE `group_aps`
  ADD PRIMARY KEY (`id`);

--
-- Indexes for table `Horarios`
--
ALTER TABLE `Horarios`
  ADD PRIMARY KEY (`id`);

--
-- Indexes for table `Horas`
--
ALTER TABLE `Horas`
  ADD PRIMARY KEY (`id`);

--
-- Indexes for table `login`
--
ALTER TABLE `login`
  ADD PRIMARY KEY (`id`);

--
-- Indexes for table `materia`
--
ALTER TABLE `materia`
  ADD PRIMARY KEY (`id`);

--
-- Indexes for table `usuario`
--
ALTER TABLE `usuario`
  ADD PRIMARY KEY (`id_user`);

--
-- Indexes for table `vouchers`
--
ALTER TABLE `vouchers`
  ADD PRIMARY KEY (`id`);

--
-- Indexes for table `vouchers2`
--
ALTER TABLE `vouchers2`
  ADD PRIMARY KEY (`id`);

--
-- AUTO_INCREMENT for dumped tables
--

--
-- AUTO_INCREMENT for table `aps`
--
ALTER TABLE `aps`
  MODIFY `id` int NOT NULL AUTO_INCREMENT, AUTO_INCREMENT=58;

--
-- AUTO_INCREMENT for table `aulas`
--
ALTER TABLE `aulas`
  MODIFY `id` int NOT NULL AUTO_INCREMENT, AUTO_INCREMENT=58;

--
-- AUTO_INCREMENT for table `clases`
--
ALTER TABLE `clases`
  MODIFY `id` int NOT NULL AUTO_INCREMENT, AUTO_INCREMENT=693;

--
-- AUTO_INCREMENT for table `configuracion`
--
ALTER TABLE `configuracion`
  MODIFY `id_config` int NOT NULL AUTO_INCREMENT, AUTO_INCREMENT=3;

--
-- AUTO_INCREMENT for table `group_aps`
--
ALTER TABLE `group_aps`
  MODIFY `id` int NOT NULL AUTO_INCREMENT, AUTO_INCREMENT=58;

--
-- AUTO_INCREMENT for table `Horarios`
--
ALTER TABLE `Horarios`
  MODIFY `id` int NOT NULL AUTO_INCREMENT, AUTO_INCREMENT=4;

--
-- AUTO_INCREMENT for table `Horas`
--
ALTER TABLE `Horas`
  MODIFY `id` int NOT NULL AUTO_INCREMENT, AUTO_INCREMENT=309;

--
-- AUTO_INCREMENT for table `login`
--
ALTER TABLE `login`
  MODIFY `id` int NOT NULL AUTO_INCREMENT, AUTO_INCREMENT=132;

--
-- AUTO_INCREMENT for table `materia`
--
ALTER TABLE `materia`
  MODIFY `id` int NOT NULL AUTO_INCREMENT, AUTO_INCREMENT=58;

--
-- AUTO_INCREMENT for table `usuario`
--
ALTER TABLE `usuario`
  MODIFY `id_user` int NOT NULL AUTO_INCREMENT, AUTO_INCREMENT=5;

--
-- AUTO_INCREMENT for table `vouchers`
--
ALTER TABLE `vouchers`
  MODIFY `id` int NOT NULL AUTO_INCREMENT, AUTO_INCREMENT=21;

--
-- AUTO_INCREMENT for table `vouchers2`
--
ALTER TABLE `vouchers2`
  MODIFY `id` int NOT NULL AUTO_INCREMENT, AUTO_INCREMENT=9;
COMMIT;

/*!40101 SET CHARACTER_SET_CLIENT=@OLD_CHARACTER_SET_CLIENT */;
/*!40101 SET CHARACTER_SET_RESULTS=@OLD_CHARACTER_SET_RESULTS */;
/*!40101 SET COLLATION_CONNECTION=@OLD_COLLATION_CONNECTION */;
